기준년도,시도명,시군구명,읍면동명,면적(㎢),세대수,인구수
2024,경기도,가평군,설악면,141.67,5368,9683
2024,경기도,가평군,청평면,112.23,7346,13405
2024,경기도,가평군,상면,100.53,3115,5399
2024,경기도,가평군,조종면,113.03,4367,9205
2024,경기도,가평군,북면,231.09,2167,3553
2024,경기도,연천군,,678.42,21750,40866
2024,경기도,연천군,연천읍,88.01,4155,7829
2024,경기도,연천군,전곡읍,55.22,8689,17655
2024,경기도,연천군,군남면,45.64,1632,2960
2024,경기도,연천군,청산면,43.72,2439,4068
2024,경기도,연천군,백학면,67.76,1343,2455
2024,경기도,연천군,미산면,41.35,955,1659
2024,경기도,연천군,왕징면,71.54,569,967
2024,경기도,연천군,신서면,148.42,1481,2401
2024,경기도,연천군,중면,80.94,93,165
2024,경기도,연천군,장남면,35.82,394,707
2024,경기도,포천시,내촌면,52.74,2504,4187
2024,경기도,포천시,가산면,35.9,4063,6967
2024,경기도,포천시,신북면,96.0,6211,11258
2024,경기도,포천시,창수면,71.77,1160,2025
2024,경기도,포천시,영중면,61.24,2651,4526
2024,경기도,포천시,일동면,83.41,4824,8827
2024,경기도,포천시,이동면,113.02,3165,5569
2024,경기도,포천시,영북면,81.72,4166,7418
2024,경기도,포천시,관인면,70.13,1413,2527
2024,경기도,포천시,화현면,43.59,1353,2413
2024,경기도,포천시,포천동,11.35,9501,19330
2024,경기도,포천시,선단동,23.91,7446,14088
2024,경기도,의왕시,,54.03,62798,154488
2024,경기도,의왕시,고천동,8.88,6197,13701
2024,경기도,의왕시,부곡동,11.27,12649,29232
2024,경기도,의왕시,오전동,6.72,12577,33584
2024,경기도,의왕시,내손1동,2.55,8159,19874
2024,경기도,의왕시,내손2동,2.51,7832,21215
2024,경기도,의왕시,청계동,22.1,15384,36882
2024,경기도,양평군,,877.91,63101,126804
2024,경기도,양평군,양평읍,42.23,17316,37683
2024,경기도,양평군,강상면,37.89,4771,10144
2024,경기도,양평군,강하면,41.31,2653,4847
2024,경기도,양평군,양서면,59.61,6815,13847
2024,경기도,양평군,옥천면,66.68,4187,8021
2024,경기도,양평군,서종면,92.73,5099,9884
2024,경기도,양평군,단월면,107.77,2142,3916
2024,경기도,양평군,청운면,96.74,2161,3726
2024,경기도,양평군,양동면,120.34,2465,4534
2024,경기도,양평군,지평면,77.69,3641,6638
2024,경기도,양평군,용문면,102.58,9160,18462
2024,경기도,양평군,개군면,32.34,2691,5102
2024,경기도,여주시,,608.19,56400,114610
2024,경기도,여주시,가남읍,75.28,7337,14167
2024,경기도,여주시,점동면,71.8,2329,4647
2024,경기도,여주시,흥천면,44.15,2520,4936
2024,경기도,여주시,금사면,41.78,1589,2861
2024,경기도,여주시,세종대왕면,52.98,3004,5759
2024,경기도,여주시,대신면,75.8,3545,6551
2024,경기도,여주시,북내면,65.8,2485,4674
2024,경기도,여주시,강천면,74.4,2367,4312
2024,경기도,여주시,산북면,32.82,1243,2479
2024,경기도,여주시,여흥동,38.65,10482,20632
2024,경기도,여주시,중앙동,17.85,11353,25405
2024,경기도,여주시,오학동,16.88,8146,18187
2024,경기도,동두천시,,95.67,43096,86838
2024,경기도,동두천시,생연1동,2.16,3199,6182
2024,경기도,동두천시,생연2동,0.72,5014,10781
2024,경기도,동두천시,중앙동,0.85,2851,4418
2024,경기도,동두천시,보산동,13.68,1533,2640
2024,경기도,동두천시,불현동,33.37,11977,24818
2024,경기도,동두천시,송내동,5.52,11434,24873
2024,경기도,동두천시,소요동,31.32,4393,8379
2024,경기도,동두천시,상패동,8.05,2695,4747
2024,경기도,과천시,,35.87,30874,85512
2024,경기도,과천시,중앙동,6.99,4179,11270
2024,경기도,과천시,원문동,2.21,5279,16112
2024,경기도,과천시,갈현동,2.28,5281,16707
2024,경기도,과천시,별양동,0.68,5310,14736
2024,경기도,과천시,부림동,0.37,5259,13937
2024,경기도,과천시,과천동,10.78,2870,6201
2024,경기도,과천시,문원동,12.56,2696,6549
2024,경기도,가평군,,843.41,33019,62527
2024,경기도,가평군,가평읍,144.86,10656,21282
2024,경기도,오산시,중앙동,3.66,13993,33547
2024,경기도,오산시,남촌동,6.05,16661,28081
2024,경기도,오산시,신장1동,3.4,15371,34836
2024,경기도,오산시,신장2동,3.6,9852,22899
2024,경기도,오산시,세마동,13.31,13341,31489
2024,경기도,오산시,초평동,6.47,9990,20948
2024,경기도,오산시,대원1동,2.5,21511,45786
2024,경기도,오산시,대원2동,3.7,10317,24479
2024,경기도,양주시,,310.49,128336,289005
2024,경기도,양주시,백석읍,41.5,11945,25418
2024,경기도,양주시,은현면,34.54,2957,5173
2024,경기도,양주시,남면,36.52,3551,6151
2024,경기도,양주시,광적면,48.45,5615,10681
2024,경기도,양주시,장흥면,63.63,6271,11913
2024,경기도,양주시,양주1동,23.65,2410,4538
2024,경기도,양주시,양주2동,19.09,20423,49331
2024,경기도,양주시,회천1동,9.83,4299,8694
2024,경기도,양주시,회천2동,11.15,20117,45211
2024,경기도,양주시,회천3동,4.31,10932,24986
2024,경기도,양주시,옥정1동,13.51,17650,39307
2024,경기도,양주시,옥정2동,4.25,22166,57602
2024,경기도,이천시,,461.57,105615,222443
2024,경기도,이천시,장호원읍,60.59,6955,14344
2024,경기도,이천시,부발읍,41.86,17224,37083
2024,경기도,이천시,신둔면,36.46,6795,13842
2024,경기도,이천시,백사면,32.57,5436,11798
2024,경기도,이천시,호법면,37.94,3185,5820
2024,경기도,이천시,마장면,51.39,8309,16191
2024,경기도,이천시,대월면,31.45,7871,14544
2024,경기도,이천시,모가면,40.99,2247,4070
2024,경기도,이천시,설성면,51.7,2454,4392
2024,경기도,이천시,율면,36.77,1432,2505
2024,경기도,이천시,창전동,1.13,8410,15664
2024,경기도,이천시,증포동,8.9,21264,56504
2024,경기도,이천시,중리동,22.06,8873,15301
2024,경기도,이천시,관고동,7.76,5160,10385
2024,경기도,구리시,,33.34,81288,186882
2024,경기도,구리시,갈매동,3.97,12450,30406
2024,경기도,구리시,동구동,7.38,13670,35388
2024,경기도,구리시,인창동,2.04,9824,23686
2024,경기도,구리시,교문1동,7.56,7874,14696
2024,경기도,구리시,교문2동,1.15,7908,20865
2024,경기도,구리시,수택1동,1.26,8346,16630
2024,경기도,구리시,수택2동,0.62,11811,24190
2024,경기도,구리시,수택3동,9.35,9405,21021
2024,경기도,안성시,,553.51,94809,193949
2024,경기도,안성시,공도읍,31.93,29672,66154
2024,경기도,안성시,보개면,53.0,2514,4945
2024,경기도,안성시,금광면,71.64,3625,6993
2024,경기도,안성시,서운면,36.35,1580,3002
2024,경기도,안성시,미양면,33.63,2946,5402
2024,경기도,안성시,대덕면,31.18,8226,14424
2024,경기도,안성시,양성면,53.15,2659,5013
2024,경기도,안성시,원곡면,37.91,3519,6271
2024,경기도,안성시,일죽면,55.56,3795,7027
2024,경기도,안성시,죽산면,57.28,3732,6567
2024,경기도,안성시,삼죽면,39.12,2226,3610
2024,경기도,안성시,고삼면,27.79,1029,1833
2024,경기도,안성시,안성1동,6.55,5559,11315
2024,경기도,안성시,안성2동,10.14,12614,26330
2024,경기도,안성시,안성3동,8.27,11113,25063
2024,경기도,포천시,,827.23,73071,141463
2024,경기도,포천시,소흘읍,46.28,19621,42483
2024,경기도,포천시,군내면,36.17,4993,9845
2024,경기도,광주시,곤지암읍,76.17,11147,21474
2024,경기도,광주시,도척면,52.16,4992,9096
2024,경기도,광주시,퇴촌면,60.7,7564,15543
2024,경기도,광주시,남종면,48.57,784,1385
2024,경기도,광주시,남한산성면,33.74,1118,2241
2024,경기도,광주시,오포1동,16.02,12122,30058
2024,경기도,광주시,오포2동,15.09,13454,32473
2024,경기도,광주시,신현동,8.14,16724,35708
2024,경기도,광주시,능평동,7.69,10182,22559
2024,경기도,광주시,경안동,3.19,13038,28096
2024,경기도,광주시,쌍령동,3.34,7034,17409
2024,경기도,광주시,송정동,5.09,10188,22818
2024,경기도,광주시,탄벌동,16.79,18068,42275
2024,경기도,광주시,광남1동,26.13,14094,31589
2024,경기도,광주시,광남2동,2.28,11709,33120
2024,경기도,광명시,,38.52,115024,278167
2024,경기도,광명시,광명1동,0.31,99,167
2024,경기도,광명시,광명2동,0.26,1529,2887
2024,경기도,광명시,광명3동,0.32,4846,9523
2024,경기도,광명시,광명4동,0.29,3422,7471
2024,경기도,광명시,광명5동,0.4,5128,11759
2024,경기도,광명시,광명6동,2.44,4657,12030
2024,경기도,광명시,광명7동,2.32,10374,25863
2024,경기도,광명시,철산1동,0.55,3812,10445
2024,경기도,광명시,철산2동,0.64,2834,5099
2024,경기도,광명시,철산3동,1.35,12664,36467
2024,경기도,광명시,철산4동,0.32,3652,9255
2024,경기도,광명시,하안1동,3.92,9820,25015
2024,경기도,광명시,하안2동,0.43,6441,12926
2024,경기도,광명시,하안3동,0.58,8599,18739
2024,경기도,광명시,하안4동,0.42,5020,11675
2024,경기도,광명시,소하1동,3.82,11263,29738
2024,경기도,광명시,소하2동,3.81,10767,25782
2024,경기도,광명시,일직동,3.44,9178,21583
2024,경기도,광명시,학온동,12.9,919,1743
2024,경기도,군포시,,36.42,112293,255931
2024,경기도,군포시,군포1동,3.7,15193,31467
2024,경기도,군포시,군포2동,2.95,16190,41397
2024,경기도,군포시,산본1동,0.75,8294,14480
2024,경기도,군포시,산본2동,1.17,9824,25064
2024,경기도,군포시,금정동,1.26,9713,18961
2024,경기도,군포시,재궁동,0.87,8300,17092
2024,경기도,군포시,오금동,1.07,8625,19999
2024,경기도,군포시,수리동,2.73,6998,15110
2024,경기도,군포시,궁내동,1.68,6908,19561
2024,경기도,군포시,대야동,12.8,3808,9121
2024,경기도,군포시,광정동,1.9,10210,23283
2024,경기도,군포시,송부동,5.54,8230,20396
2024,경기도,하남시,,92.99,141377,329120
2024,경기도,하남시,천현동,34.92,3328,5937
2024,경기도,하남시,신장1동,0.24,3954,6897
2024,경기도,하남시,신장2동,4.12,18872,45130
2024,경기도,하남시,덕풍1동,1.0,6335,14114
2024,경기도,하남시,덕풍2동,0.51,8490,17419
2024,경기도,하남시,덕풍3동,2.01,11713,27608
2024,경기도,하남시,감북동,4.52,1741,3045
2024,경기도,하남시,감일동,5.7,14716,39686
2024,경기도,하남시,위례동,4.77,12220,35297
2024,경기도,하남시,춘궁동,14.49,784,1159
2024,경기도,하남시,초이동,6.13,1784,3068
2024,경기도,하남시,미사1동,6.87,27949,53637
2024,경기도,하남시,미사2동,5.05,18471,46514
2024,경기도,하남시,미사3동,2.66,11020,29609
2024,경기도,오산시,,42.69,111036,242065
2024,경기도,시흥시,배곧1동,2.6,12267,35362
2024,경기도,시흥시,배곧2동,2.3,15637,35554
2024,경기도,시흥시,과림동,7.65,1154,1781
2024,경기도,시흥시,연성동,10.05,9724,23925
2024,경기도,시흥시,능곡동,4.46,10902,26270
2024,경기도,시흥시,월곶동,8.0,8598,17502
2024,경기도,시흥시,장곡동,3.5,18065,46814
2024,경기도,파주시,,673.96,226087,511340
2024,경기도,파주시,문산읍,47.23,22465,48413
2024,경기도,파주시,파주읍,32.27,7586,13612
2024,경기도,파주시,법원읍,71.36,5242,9391
2024,경기도,파주시,조리읍,27.53,12451,27704
2024,경기도,파주시,월롱면,27.14,6095,8253
2024,경기도,파주시,탄현면,61.77,7001,12694
2024,경기도,파주시,광탄면,65.55,5605,10314
2024,경기도,파주시,파평면,39.04,1978,3525
2024,경기도,파주시,적성면,91.75,3483,6625
2024,경기도,파주시,군내면,43.29,237,558
2024,경기도,파주시,장단면,34.73,0,0
2024,경기도,파주시,진동면,43.07,78,161
2024,경기도,파주시,진서면,9.29,0,0
2024,경기도,파주시,교하동,28.44,3792,7131
2024,경기도,파주시,운정1동,5.29,21359,51824
2024,경기도,파주시,운정2동,3.21,24510,63984
2024,경기도,파주시,운정3동,3.9,27065,68374
2024,경기도,파주시,운정4동,6.42,10407,23719
2024,경기도,파주시,운정5동,5.44,20337,53658
2024,경기도,파주시,운정6동,2.92,10948,24957
2024,경기도,파주시,금촌1동,4.52,12108,21073
2024,경기도,파주시,금촌2동,2.72,12754,30613
2024,경기도,파주시,금촌3동,17.02,10586,24757
2024,경기도,의정부시,,81.55,210264,461271
2024,경기도,의정부시,의정부1동,1.95,23496,40063
2024,경기도,의정부시,의정부2동,2.48,16032,29433
2024,경기도,의정부시,호원1동,6.54,15140,33829
2024,경기도,의정부시,호원2동,4.18,13235,32388
2024,경기도,의정부시,장암동,8.94,8205,18567
2024,경기도,의정부시,신곡1동,2.56,17834,41314
2024,경기도,의정부시,신곡2동,2.82,18739,44252
2024,경기도,의정부시,송산1동,4.48,13441,30540
2024,경기도,의정부시,송산2동,1.42,13080,31258
2024,경기도,의정부시,송산3동,9.31,17913,44777
2024,경기도,의정부시,자금동,11.78,11667,25175
2024,경기도,의정부시,가능동,3.97,11932,23654
2024,경기도,의정부시,흥선동,5.74,9401,18694
2024,경기도,의정부시,녹양동,3.81,9043,19423
2024,경기도,의정부시,고산동,11.56,11106,27904
2024,경기도,김포시,,276.6,206388,486853
2024,경기도,김포시,통진읍,29.49,18393,34897
2024,경기도,김포시,고촌읍,25.03,19294,50476
2024,경기도,김포시,양촌읍,33.66,15985,30514
2024,경기도,김포시,대곶면,42.75,5330,9299
2024,경기도,김포시,월곶면,51.96,3086,5165
2024,경기도,김포시,하성면,54.84,4084,7783
2024,경기도,김포시,김포본동,11.8,22386,57881
2024,경기도,김포시,장기본동,2.61,13760,38978
2024,경기도,김포시,사우동,3.3,9481,20996
2024,경기도,김포시,풍무동,4.42,23413,59902
2024,경기도,김포시,장기동,3.61,16003,40517
2024,경기도,김포시,구래동,2.12,21147,45480
2024,경기도,김포시,마산동,3.03,15293,35609
2024,경기도,김포시,운양동,7.98,18733,49356
2024,경기도,광주시,,430.99,174806,397605
2024,경기도,광주시,초월읍,55.89,22588,51761
2024,경기도,안양시 만안구,안양9동,6.42,6984,15937
2024,경기도,안양시 만안구,석수1동,9.23,7509,18656
2024,경기도,안양시 만안구,석수2동,3.4,12457,29280
2024,경기도,안양시 만안구,충훈동,0.7,5343,12056
2024,경기도,안양시 만안구,박달1동,0.93,6748,13756
2024,경기도,안양시 만안구,박달2동,6.95,7568,20461
2024,경기도,안양시 동안구,,21.94,132216,326521
2024,경기도,안양시 동안구,비산1동,1.82,10612,28439
2024,경기도,안양시 동안구,비산2동,0.46,5219,14491
2024,경기도,안양시 동안구,비산3동,5.56,7589,17650
2024,경기도,안양시 동안구,부흥동,0.5,6284,16041
2024,경기도,안양시 동안구,달안동,0.44,5336,9530
2024,경기도,안양시 동안구,관양동,3.2,15307,32683
2024,경기도,안양시 동안구,인덕원동,1.79,8608,17936
2024,경기도,안양시 동안구,부림동,0.86,12500,26070
2024,경기도,안양시 동안구,평촌동,0.82,5026,14078
2024,경기도,안양시 동안구,평안동,0.64,8055,22560
2024,경기도,안양시 동안구,귀인동,0.64,5063,16015
2024,경기도,안양시 동안구,호계1동,1.05,10153,26369
2024,경기도,안양시 동안구,호계2동,1.42,9417,24195
2024,경기도,안양시 동안구,호계3동,0.75,8960,22871
2024,경기도,안양시 동안구,범계동,0.64,5851,15068
2024,경기도,안양시 동안구,신촌동,0.66,4398,12173
2024,경기도,안양시 동안구,갈산동,0.69,3838,10352
2024,경기도,평택시,,458.45,285297,598556
2024,경기도,평택시,팽성읍,56.74,15599,27548
2024,경기도,평택시,안중읍,28.57,19824,43321
2024,경기도,평택시,포승읍,61.3,13626,22758
2024,경기도,평택시,청북읍,52.56,11130,25988
2024,경기도,평택시,진위면,34.03,5958,10725
2024,경기도,평택시,서탄면,28.55,1891,3445
2024,경기도,평택시,고덕면,22.18,6457,12805
2024,경기도,평택시,오성면,32.51,3188,6236
2024,경기도,평택시,현덕면,45.85,3063,5723
2024,경기도,평택시,중앙동,5.3,21760,42765
2024,경기도,평택시,서정동,1.74,13183,24958
2024,경기도,평택시,송탄동,19.55,10237,23498
2024,경기도,평택시,지산동,0.69,7519,12312
2024,경기도,평택시,송북동,7.15,9450,20759
2024,경기도,평택시,신장1동,1.6,3730,6757
2024,경기도,평택시,신장2동,0.63,3069,4910
2024,경기도,평택시,신평동,6.37,11382,19868
2024,경기도,평택시,원평동,5.25,7045,12967
2024,경기도,평택시,통복동,0.56,3006,5272
2024,경기도,평택시,비전1동,13.0,21972,50881
2024,경기도,평택시,비전2동,4.75,22884,56637
2024,경기도,평택시,세교동,7.12,15862,37428
2024,경기도,평택시,용이동,2.64,11312,25758
2024,경기도,평택시,동삭동,3.07,18299,42252
2024,경기도,평택시,고덕동,16.54,23851,52985
2024,경기도,시흥시,,139.94,229340,518132
2024,경기도,시흥시,대야동,9.85,18345,42001
2024,경기도,시흥시,신천동,3.44,16098,33217
2024,경기도,시흥시,신현동,12.65,4298,9074
2024,경기도,시흥시,은행동,3.97,20923,54652
2024,경기도,시흥시,매화동,11.2,5219,11277
2024,경기도,시흥시,목감동,17.57,17291,41009
2024,경기도,시흥시,군자동,8.04,9976,21697
2024,경기도,시흥시,정왕본동,8.32,12170,17871
2024,경기도,시흥시,정왕1동,6.55,12947,20994
2024,경기도,시흥시,정왕2동,4.78,11251,27070
2024,경기도,시흥시,정왕3동,6.23,10930,21517
2024,경기도,시흥시,정왕4동,0.9,7431,19669
2024,경기도,시흥시,거북섬동,6.12,6114,10876
2024,경기도,화성시,동탄1동,5.1,20751,50082
2024,경기도,화성시,동탄2동,2.16,11751,34228
2024,경기도,화성시,동탄3동,2.71,17540,40399
2024,경기도,화성시,동탄4동,4.24,16815,53359
2024,경기도,화성시,동탄5동,11.41,21519,47759
2024,경기도,화성시,동탄6동,9.49,19246,44191
2024,경기도,화성시,동탄7동,4.73,22397,56970
2024,경기도,화성시,동탄8동,6.53,13742,37298
2024,경기도,화성시,동탄9동,9.97,17465,45211
2024,경기도,안산시,,156.47,288070,620579
2024,경기도,안산시 상록구,,57.99,151730,327191
2024,경기도,안산시 상록구,일동,2.74,11009,22752
2024,경기도,안산시 상록구,이동,2.09,13361,22498
2024,경기도,안산시 상록구,사동,2.34,15227,29292
2024,경기도,안산시 상록구,사이동,3.65,12870,30362
2024,경기도,안산시 상록구,해양동,3.68,15205,39748
2024,경기도,안산시 상록구,본오1동,6.49,17167,34738
2024,경기도,안산시 상록구,본오2동,0.82,10781,24335
2024,경기도,안산시 상록구,본오3동,1.1,8845,18120
2024,경기도,안산시 상록구,부곡동,6.22,9308,20217
2024,경기도,안산시 상록구,월피동,5.55,16743,35574
2024,경기도,안산시 상록구,성포동,1.71,9632,24626
2024,경기도,안산시 상록구,반월동,13.24,7504,16559
2024,경기도,안산시 상록구,안산동,8.36,4078,8370
2024,경기도,안산시 단원구,,98.54,136340,293388
2024,경기도,안산시 단원구,와동,3.23,17260,35711
2024,경기도,안산시 단원구,고잔동,1.75,10016,19918
2024,경기도,안산시 단원구,중앙동,1.87,12430,24288
2024,경기도,안산시 단원구,호수동,2.48,16029,42215
2024,경기도,안산시 단원구,원곡동,1.29,3781,5367
2024,경기도,안산시 단원구,백운동,1.51,9539,24061
2024,경기도,안산시 단원구,신길동,6.83,9679,20787
2024,경기도,안산시 단원구,초지동,24.9,20591,45437
2024,경기도,안산시 단원구,선부1동,0.86,8140,16820
2024,경기도,안산시 단원구,선부2동,2.07,8616,17258
2024,경기도,안산시 단원구,선부3동,5.81,14772,32358
2024,경기도,안산시 단원구,대부동,45.94,5487,9168
2024,경기도,남양주시,,458.13,307424,732482
2024,경기도,남양주시,와부읍,49.87,22891,58146
2024,경기도,남양주시,진접읍,65.96,39787,95374
2024,경기도,남양주시,화도읍,71.49,48616,112518
2024,경기도,남양주시,진건읍,31.22,9702,20236
2024,경기도,남양주시,오남읍,25.26,21721,51163
2024,경기도,남양주시,퇴계원읍,3.27,11536,26960
2024,경기도,남양주시,별내면,22.16,8139,18115
2024,경기도,남양주시,수동면,72.74,4733,8512
2024,경기도,남양주시,조안면,50.67,1938,3792
2024,경기도,남양주시,호평동,9.14,21767,55809
2024,경기도,남양주시,평내동,7.24,14558,37487
2024,경기도,남양주시,금곡동,6.93,8684,17141
2024,경기도,남양주시,양정동,12.36,1474,2413
2024,경기도,남양주시,다산1동,5.54,42059,105470
2024,경기도,남양주시,다산2동,5.63,14244,36533
2024,경기도,남양주시,별내동,18.64,35575,82813
2024,경기도,안양시,,58.5,235171,556492
2024,경기도,안양시 만안구,,36.56,102955,229971
2024,경기도,안양시 만안구,안양1동,0.68,7206,16550
2024,경기도,안양시 만안구,안양2동,2.82,10811,22543
2024,경기도,안양시 만안구,안양3동,1.02,7258,15218
2024,경기도,안양시 만안구,안양4동,0.31,3513,6541
2024,경기도,안양시 만안구,안양5동,0.5,4907,9924
2024,경기도,안양시 만안구,안양6동,1.47,12733,26327
2024,경기도,안양시 만안구,안양7동,1.04,5720,14599
2024,경기도,안양시 만안구,안양8동,1.09,4198,8123
2024,경기도,성남시 분당구,구미1동,2.78,7014,16182
2024,경기도,성남시 분당구,운중동,17.57,13582,37182
2024,경기도,부천시,,53.46,343433,769918
2024,경기도,부천시 원미구,,20.58,174645,389983
2024,경기도,부천시 원미구,심곡1동,0.44,6460,11969
2024,경기도,부천시 원미구,심곡2동,0.64,11207,18326
2024,경기도,부천시 원미구,심곡3동,0.39,5419,10790
2024,경기도,부천시 원미구,원미1동,1.11,7691,16650
2024,경기도,부천시 원미구,원미2동,0.39,5538,11375
2024,경기도,부천시 원미구,소사동,0.55,3103,5945
2024,경기도,부천시 원미구,역곡1동,1.19,6919,16312
2024,경기도,부천시 원미구,역곡2동,1.04,7797,16825
2024,경기도,부천시 원미구,춘의동,2.93,6758,13785
2024,경기도,부천시 원미구,도당동,1.99,9042,20228
2024,경기도,부천시 원미구,약대동,0.7,6835,17153
2024,경기도,부천시 원미구,중동,0.7,9451,21686
2024,경기도,부천시 원미구,중1동,1.41,19252,40709
2024,경기도,부천시 원미구,중2동,0.99,11248,29493
2024,경기도,부천시 원미구,중3동,0.8,10133,22000
2024,경기도,부천시 원미구,중4동,0.65,8268,17228
2024,경기도,부천시 원미구,상동,0.86,8103,17591
2024,경기도,부천시 원미구,상1동,0.57,10147,23674
2024,경기도,부천시 원미구,상2동,1.78,10354,28093
2024,경기도,부천시 원미구,상3동,1.45,10920,30151
2024,경기도,부천시 소사구,,12.83,99148,227911
2024,경기도,부천시 소사구,심곡본1동,0.73,8369,15898
2024,경기도,부천시 소사구,심곡본동,0.98,7552,14500
2024,경기도,부천시 소사구,소사본동,1.97,11944,24961
2024,경기도,부천시 소사구,소사본1동,1.03,11702,28152
2024,경기도,부천시 소사구,범박동,1.13,10055,28378
2024,경기도,부천시 소사구,옥길동,2.92,11409,31309
2024,경기도,부천시 소사구,괴안동,0.67,8203,18315
2024,경기도,부천시 소사구,역곡3동,1.03,10665,21951
2024,경기도,부천시 소사구,송내1동,1.14,8779,20288
2024,경기도,부천시 소사구,송내2동,1.23,10470,24159
2024,경기도,부천시 오정구,,20.05,69640,152024
2024,경기도,부천시 오정구,성곡동,4.56,17059,38239
2024,경기도,부천시 오정구,원종1동,1.42,9433,21342
2024,경기도,부천시 오정구,원종2동,0.61,8672,18509
2024,경기도,부천시 오정구,고강본동,1.56,12248,25537
2024,경기도,부천시 오정구,고강1동,1.99,5827,12523
2024,경기도,부천시 오정구,오정동,6.77,8489,19204
2024,경기도,부천시 오정구,신흥동,3.14,7912,16670
2024,경기도,화성시,,700.77,417136,968821
2024,경기도,화성시,봉담읍,42.72,45127,107073
2024,경기도,화성시,우정읍,61.67,9328,17123
2024,경기도,화성시,향남읍,50.01,40515,85654
2024,경기도,화성시,남양읍,67.41,29668,59873
2024,경기도,화성시,매송면,27.28,3410,6446
2024,경기도,화성시,비봉면,38.54,5228,8829
2024,경기도,화성시,마도면,32.92,3952,6623
2024,경기도,화성시,송산면,58.37,5646,10593
2024,경기도,화성시,서신면,43.5,4095,7178
2024,경기도,화성시,팔탄면,50.97,5931,9411
2024,경기도,화성시,장안면,67.66,5419,9610
2024,경기도,화성시,양감면,31.06,2392,3890
2024,경기도,화성시,정남면,40.68,6042,10621
2024,경기도,화성시,새솔동,3.09,8975,26950
2024,경기도,화성시,진안동,6.2,23267,49829
2024,경기도,화성시,병점1동,1.47,15906,36283
2024,경기도,화성시,병점2동,1.05,8771,22523
2024,경기도,화성시,반월동,3.97,13190,37130
2024,경기도,화성시,기배동,4.25,6094,15922
2024,경기도,화성시,화산동,11.61,12954,27763
2024,경기도,용인시 수지구,,42.11,142381,375351
2024,경기도,용인시 수지구,풍덕천1동,1.94,15694,34797
2024,경기도,용인시 수지구,풍덕천2동,1.47,15396,41320
2024,경기도,용인시 수지구,신봉동,6.7,14740,41248
2024,경기도,용인시 수지구,죽전1동,2.38,10709,28162
2024,경기도,용인시 수지구,죽전2동,1.07,7625,17805
2024,경기도,용인시 수지구,죽전3동,2.08,10801,26441
2024,경기도,용인시 수지구,동천동,16.59,19515,50597
2024,경기도,용인시 수지구,상현1동,0.6,6565,19960
2024,경기도,용인시 수지구,상현2동,1.97,11443,32874
2024,경기도,용인시 수지구,상현3동,2.36,11110,27480
2024,경기도,용인시 수지구,성복동,4.94,18783,54667
2024,경기도,성남시,,141.63,410242,913009
2024,경기도,성남시 수정구,,45.45,116838,234877
2024,경기도,성남시 수정구,신흥1동,0.32,7590,12292
2024,경기도,성남시 수정구,신흥2동,1.14,12249,31411
2024,경기도,성남시 수정구,신흥3동,0.33,6461,10755
2024,경기도,성남시 수정구,태평1동,1.34,8352,13906
2024,경기도,성남시 수정구,태평2동,0.49,7658,14007
2024,경기도,성남시 수정구,태평3동,0.37,6519,11980
2024,경기도,성남시 수정구,태평4동,0.4,6046,11256
2024,경기도,성남시 수정구,수진1동,0.33,6787,11117
2024,경기도,성남시 수정구,수진2동,0.93,7520,14572
2024,경기도,성남시 수정구,단대동,0.8,6508,14351
2024,경기도,성남시 수정구,산성동,0.58,2171,4561
2024,경기도,성남시 수정구,양지동,1.26,4248,9070
2024,경기도,성남시 수정구,복정동,3.55,6576,10192
2024,경기도,성남시 수정구,위례동,3.19,18849,45787
2024,경기도,성남시 수정구,신촌동,5.02,2012,4512
2024,경기도,성남시 수정구,고등동,12.44,5252,11709
2024,경기도,성남시 수정구,시흥동,12.96,2040,3399
2024,경기도,성남시 중원구,,26.41,100556,206978
2024,경기도,성남시 중원구,성남동,1.99,18479,32207
2024,경기도,성남시 중원구,중앙동,0.68,7581,16738
2024,경기도,성남시 중원구,금광1동,0.68,8237,19607
2024,경기도,성남시 중원구,금광2동,1.03,12145,24117
2024,경기도,성남시 중원구,은행1동,0.22,4386,9401
2024,경기도,성남시 중원구,은행2동,2.46,10798,21442
2024,경기도,성남시 중원구,상대원1동,6.84,12146,23768
2024,경기도,성남시 중원구,상대원2동,0.42,1608,3048
2024,경기도,성남시 중원구,상대원3동,0.36,6337,11338
2024,경기도,성남시 중원구,하대원동,2.34,8077,19238
2024,경기도,성남시 중원구,도촌동,9.39,10762,26074
2024,경기도,성남시 분당구,,69.77,192848,471154
2024,경기도,성남시 분당구,분당동,3.4,10054,24497
2024,경기도,성남시 분당구,수내1동,1.03,7837,17801
2024,경기도,성남시 분당구,수내2동,0.81,3203,10455
2024,경기도,성남시 분당구,수내3동,1.05,5118,13300
2024,경기도,성남시 분당구,정자동,1.0,6301,13977
2024,경기도,성남시 분당구,정자1동,1.45,13978,30148
2024,경기도,성남시 분당구,정자2동,0.54,7261,14277
2024,경기도,성남시 분당구,정자3동,1.92,6620,16698
2024,경기도,성남시 분당구,서현1동,7.48,12662,30904
2024,경기도,성남시 분당구,서현2동,0.79,6569,17469
2024,경기도,성남시 분당구,이매1동,2.84,9038,24794
2024,경기도,성남시 분당구,이매2동,0.68,4406,12998
2024,경기도,성남시 분당구,야탑1동,1.14,7538,16647
2024,경기도,성남시 분당구,야탑2동,0.64,6011,15703
2024,경기도,성남시 분당구,야탑3동,5.07,12514,26215
2024,경기도,성남시 분당구,판교동,4.53,9035,26572
2024,경기도,성남시 분당구,삼평동,2.8,9083,23777
2024,경기도,성남시 분당구,백현동,1.98,10466,26472
2024,경기도,성남시 분당구,금곡동,5.76,12034,26904
2024,경기도,성남시 분당구,구미동,4.51,12524,28182
2024,경기도,고양시 덕양구,화정1동,2.31,15753,35241
2024,경기도,고양시 덕양구,화정2동,1.94,13008,31371
2024,경기도,고양시 덕양구,행주동,6.01,7685,13883
2024,경기도,고양시 덕양구,행신1동,0.69,8553,20238
2024,경기도,고양시 덕양구,행신2동,4.28,13089,29791
2024,경기도,고양시 덕양구,행신3동,0.51,8881,22503
2024,경기도,고양시 덕양구,행신4동,1.43,9558,19103
2024,경기도,고양시 덕양구,화전동,7.3,12178,27926
2024,경기도,고양시 덕양구,대덕동,10.79,6748,16658
2024,경기도,고양시 일산동구,,59.96,130000,294123
2024,경기도,고양시 일산동구,식사동,6.83,14927,40707
2024,경기도,고양시 일산동구,중산1동,1.43,8951,20391
2024,경기도,고양시 일산동구,중산2동,1.41,9562,23376
2024,경기도,고양시 일산동구,정발산동,1.54,9937,21473
2024,경기도,고양시 일산동구,풍산동,5.66,14370,36727
2024,경기도,고양시 일산동구,백석1동,1.77,12792,28608
2024,경기도,고양시 일산동구,백석2동,0.8,11630,20040
2024,경기도,고양시 일산동구,마두1동,2.21,8682,22730
2024,경기도,고양시 일산동구,마두2동,0.63,5723,15409
2024,경기도,고양시 일산동구,장항1동,10.28,6791,16694
2024,경기도,고양시 일산동구,장항2동,2.41,16030,26612
2024,경기도,고양시 일산동구,고봉동,24.99,10605,21356
2024,경기도,고양시 일산서구,,42.56,115206,282900
2024,경기도,고양시 일산서구,일산1동,0.65,9988,25182
2024,경기도,고양시 일산서구,일산2동,0.82,8393,18798
2024,경기도,고양시 일산서구,일산3동,1.12,12038,33535
2024,경기도,고양시 일산서구,탄현1동,0.93,12284,29602
2024,경기도,고양시 일산서구,탄현2동,1.26,7205,18887
2024,경기도,고양시 일산서구,주엽1동,0.97,10923,26294
2024,경기도,고양시 일산서구,주엽2동,0.96,11438,26984
2024,경기도,고양시 일산서구,대화동,3.52,16061,34060
2024,경기도,고양시 일산서구,송포동,13.17,7946,20306
2024,경기도,고양시 일산서구,덕이동,5.53,11766,30799
2024,경기도,고양시 일산서구,가좌동,13.63,7164,18453
2024,경기도,용인시,,591.25,443702,1085864
2024,경기도,용인시 처인구,,467.51,125043,274162
2024,경기도,용인시 처인구,포곡읍,41.75,14173,31300
2024,경기도,용인시 처인구,모현읍,50.25,13017,27529
2024,경기도,용인시 처인구,이동읍,75.67,9018,19464
2024,경기도,용인시 처인구,남사읍,58.67,9986,23644
2024,경기도,용인시 처인구,원삼면,60.14,3999,7737
2024,경기도,용인시 처인구,백암면,65.73,4349,7901
2024,경기도,용인시 처인구,양지면,57.68,9748,19751
2024,경기도,용인시 처인구,중앙동,7.98,13418,26751
2024,경기도,용인시 처인구,역북동,6.05,15645,34747
2024,경기도,용인시 처인구,삼가동,6.42,4774,12053
2024,경기도,용인시 처인구,유림동,13.62,20942,50982
2024,경기도,용인시 처인구,동부동,23.54,5974,12303
2024,경기도,용인시 기흥구,,81.64,176278,436351
2024,경기도,용인시 기흥구,신갈동,4.84,16006,36624
2024,경기도,용인시 기흥구,영덕1동,3.7,13733,34273
2024,경기도,용인시 기흥구,영덕2동,5.8,7935,19232
2024,경기도,용인시 기흥구,구갈동,4.21,18049,40300
2024,경기도,용인시 기흥구,상갈동,2.0,6102,12584
2024,경기도,용인시 기흥구,보라동,10.16,12469,32688
2024,경기도,용인시 기흥구,기흥동,11.71,9096,20924
2024,경기도,용인시 기흥구,서농동,4.22,11242,25005
2024,경기도,용인시 기흥구,구성동,6.9,15329,38760
2024,경기도,용인시 기흥구,마북동,5.39,13114,33564
2024,경기도,용인시 기흥구,동백1동,3.9,11591,31398
2024,경기도,용인시 기흥구,동백2동,3.96,9433,26490
2024,경기도,용인시 기흥구,동백3동,2.5,10125,26823
2024,경기도,용인시 기흥구,상하동,5.53,9173,23229
2024,경기도,용인시 기흥구,보정동,6.82,12881,34457
2024,경기도,,,10201.26,6058202,13694685
2024,경기도,수원시,,121.1,540719,1193005
2024,경기도,수원시 장안구,,33.34,122694,274661
2024,경기도,수원시 장안구,파장동,8.62,11492,24770
2024,경기도,수원시 장안구,율천동,3.15,19432,39864
2024,경기도,수원시 장안구,정자1동,1.27,13202,33481
2024,경기도,수원시 장안구,정자2동,1.44,16142,38552
2024,경기도,수원시 장안구,정자3동,1.44,14109,39016
2024,경기도,수원시 장안구,영화동,1.27,10209,18026
2024,경기도,수원시 장안구,송죽동,1.68,8846,18232
2024,경기도,수원시 장안구,조원1동,1.84,13318,27857
2024,경기도,수원시 장안구,조원2동,1.05,6485,17581
2024,경기도,수원시 장안구,연무동,11.58,9459,17282
2024,경기도,수원시 권선구,,47.18,164675,362642
2024,경기도,수원시 권선구,세류1동,0.93,4417,9611
2024,경기도,수원시 권선구,세류2동,3.58,12345,22285
2024,경기도,수원시 권선구,세류3동,1.29,8944,17397
2024,경기도,수원시 권선구,평동,10.91,17578,40623
2024,경기도,수원시 권선구,서둔동,5.44,17886,37039
2024,경기도,수원시 권선구,구운동,1.94,10588,22757
2024,경기도,수원시 권선구,금곡동,4.08,18594,44754
2024,경기도,수원시 권선구,호매실동,4.76,17247,44128
2024,경기도,수원시 권선구,권선1동,1.03,13940,24090
2024,경기도,수원시 권선구,권선2동,1.81,17098,45800
2024,경기도,수원시 권선구,곡선동,4.47,17735,34461
2024,경기도,수원시 권선구,입북동,6.94,8303,19697
2024,경기도,수원시 팔달구,,12.87,97877,194397
2024,경기도,수원시 팔달구,행궁동,1.57,5936,9193
2024,경기도,수원시 팔달구,매교동,0.72,9396,21617
2024,경기도,수원시 팔달구,매산동,0.81,6002,9856
2024,경기도,수원시 팔달구,고등동,1.01,9012,19168
2024,경기도,수원시 팔달구,화서1동,0.84,9752,21000
2024,경기도,수원시 팔달구,화서2동,2.1,9536,24217
2024,경기도,수원시 팔달구,지동,0.79,5230,9476
2024,경기도,수원시 팔달구,우만1동,1.14,10562,18200
2024,경기도,수원시 팔달구,우만2동,0.97,7903,16639
2024,경기도,수원시 팔달구,인계동,2.91,24548,45031
2024,경기도,수원시 영통구,,27.71,155473,361305
2024,경기도,수원시 영통구,매탄1동,1.23,5142,11443
2024,경기도,수원시 영통구,매탄2동,0.79,6380,13629
2024,경기도,수원시 영통구,매탄3동,2.34,15641,34207
2024,경기도,수원시 영통구,매탄4동,0.78,9444,19784
2024,경기도,수원시 영통구,원천동,3.2,21245,45637
2024,경기도,수원시 영통구,광교1동,7.98,23203,53732
2024,경기도,수원시 영통구,광교2동,4.18,11705,28490
2024,경기도,수원시 영통구,영통1동,1.69,12566,32840
2024,경기도,수원시 영통구,영통2동,1.36,13390,25049
2024,경기도,수원시 영통구,영통3동,1.72,13985,31455
2024,경기도,수원시 영통구,망포1동,1.0,11432,31484
2024,경기도,수원시 영통구,망포2동,1.44,11340,33555
2024,경기도,고양시,,268.15,466229,1070120
2024,경기도,고양시 덕양구,,165.63,221023,493097
2024,경기도,고양시 덕양구,주교동,5.62,5336,10594
2024,경기도,고양시 덕양구,원신동,12.74,9350,22533
2024,경기도,고양시 덕양구,흥도동,9.34,12980,29703
2024,경기도,고양시 덕양구,성사1동,2.19,11194,23371
2024,경기도,고양시 덕양구,성사2동,0.92,4616,10412
2024,경기도,고양시 덕양구,효자동,25.41,10812,26170
2024,경기도,고양시 덕양구,삼송1동,6.23,10284,22278
2024,경기도,고양시 덕양구,삼송2동,2.75,14149,28254
2024,경기도,고양시 덕양구,창릉동,11.3,10308,23271
2024,경기도,고양시 덕양구,고양동,25.04,12372,27776
2024,경기도,고양시 덕양구,관산동,15.05,16258,34065
2024,경기도,고양시 덕양구,능곡동,13.78,7911,17956
2023,경기도,,,10199.73,5978724,13630821
2023,경기도,수원시,,121.1,537078,1197257
2023,경기도,수원시 장안구,,33.34,119900,270849
2023,경기도,수원시 장안구,파장동,8.62,11420,24858
2023,경기도,수원시 장안구,율천동,3.15,19558,40392
2023,경기도,수원시 장안구,정자1동,1.27,10757,27561
2023,경기도,수원시 장안구,정자2동,1.44,15714,37725
2023,경기도,수원시 장안구,정자3동,1.44,14085,39641
2023,경기도,수원시 장안구,영화동,1.27,10391,18624
2023,경기도,수원시 장안구,송죽동,1.68,8775,18506
2023,경기도,수원시 장안구,조원1동,1.84,13429,28582
2023,경기도,수원시 장안구,조원2동,1.05,6445,17711
2023,경기도,수원시 장안구,연무동,11.58,9326,17249
2023,경기도,수원시 권선구,,47.18,163796,366167
2023,경기도,수원시 권선구,세류1동,0.93,4429,9686
2023,경기도,수원시 권선구,세류2동,3.58,12478,22896
2023,경기도,수원시 권선구,세류3동,1.29,9087,17802
2023,경기도,수원시 권선구,평동,10.91,17384,40962
2023,경기도,수원시 권선구,서둔동,5.44,17889,37614
2023,경기도,수원시 권선구,구운동,1.94,10652,23150
2023,경기도,수원시 권선구,금곡동,4.08,17601,44027
2023,경기도,수원시 권선구,호매실동,4.76,17237,44651
2023,경기도,수원시 권선구,권선1동,1.03,13698,24177
2023,경기도,수원시 권선구,권선2동,1.81,17179,46505
2023,경기도,수원시 권선구,곡선동,4.47,17991,35049
2023,경기도,수원시 권선구,입북동,6.94,8171,19648
2023,경기도,수원시 팔달구,,12.87,98505,197213
2023,경기도,수원시 팔달구,행궁동,1.57,6058,9433
2023,경기도,수원시 팔달구,매교동,0.72,9343,21454
2023,경기도,수원시 팔달구,매산동,0.81,5896,9878
2023,경기도,수원시 팔달구,고등동,1.01,9380,19903
2023,경기도,수원시 팔달구,화서1동,0.84,9722,21214
2023,경기도,수원시 팔달구,화서2동,2.1,9376,24342
2023,경기도,수원시 팔달구,지동,0.79,5374,9841
2023,경기도,수원시 팔달구,우만1동,1.14,10633,18738
2023,경기도,수원시 팔달구,우만2동,0.97,7883,16802
2023,경기도,수원시 팔달구,인계동,2.91,24840,45608
2023,경기도,수원시 영통구,,27.71,154877,363028
2023,경기도,수원시 영통구,매탄1동,1.23,5211,11704
2023,경기도,수원시 영통구,매탄2동,0.79,6421,13930
2023,경기도,수원시 영통구,매탄3동,2.34,15731,34512
2023,경기도,수원시 영통구,매탄4동,0.78,9492,20293
2023,경기도,수원시 영통구,원천동,3.2,21027,45447
2023,경기도,수원시 영통구,광교1동,7.98,22695,53072
2023,경기도,수원시 영통구,광교2동,4.18,11655,28712
2023,경기도,수원시 영통구,영통1동,1.69,12555,33195
2023,경기도,수원시 영통구,영통2동,1.36,13460,25393
2023,경기도,수원시 영통구,영통3동,1.72,13795,31624
2023,경기도,수원시 영통구,망포1동,1.0,11482,31684
2023,경기도,수원시 영통구,망포2동,1.44,11353,33462
2023,경기도,고양시,,268.13,464380,1074907
2023,경기도,고양시 덕양구,,165.6,220682,496438
2023,경기도,고양시 덕양구,주교동,5.62,5446,10961
2023,경기도,고양시 덕양구,원신동,12.74,9402,22890
2023,경기도,고양시 덕양구,흥도동,9.12,12701,29581
2023,경기도,고양시 덕양구,성사1동,2.19,10057,21204
2023,경기도,고양시 덕양구,성사2동,0.92,4688,10740
2023,경기도,고양시 덕양구,효자동,25.35,10016,23934
2023,경기도,고양시 덕양구,삼송1동,6.18,10099,21916
2023,경기도,고양시 덕양구,삼송2동,2.75,14198,28579
2023,경기도,고양시 덕양구,창릉동,11.57,10308,23313
2023,경기도,고양시 덕양구,고양동,25.04,12503,28430
2023,경기도,고양시 덕양구,관산동,15.05,16439,35052
2023,경기도,고양시 덕양구,능곡동,13.78,8006,18202
2023,경기도,고양시 덕양구,화정1동,2.31,15855,35999
2023,경기도,고양시 덕양구,화정2동,1.94,12947,31449
2023,경기도,고양시 덕양구,행주동,6.01,8944,16322
2023,경기도,고양시 덕양구,행신1동,0.69,8727,20706
2023,경기도,고양시 덕양구,행신2동,4.28,13125,30379
2023,경기도,고양시 덕양구,행신3동,0.51,8941,22964
2023,경기도,고양시 덕양구,행신4동,1.43,9747,19856
2023,경기도,고양시 덕양구,화전동,7.3,12043,27947
2023,경기도,고양시 덕양구,대덕동,10.79,6490,16014
2023,경기도,고양시 일산동구,,59.96,127885,291597
2023,경기도,고양시 일산동구,식사동,6.82,14871,40820
2023,경기도,고양시 일산동구,중산1동,1.43,8999,20764
2023,경기도,고양시 일산동구,중산2동,1.41,9619,23798
2023,경기도,고양시 일산동구,정발산동,1.53,10033,21917
2023,경기도,고양시 일산동구,풍산동,5.67,14343,37162
2023,경기도,고양시 일산동구,백석1동,1.77,12822,29048
2023,경기도,고양시 일산동구,백석2동,0.8,11575,20097
2023,경기도,고양시 일산동구,마두1동,2.21,8751,23026
2023,경기도,고양시 일산동구,마두2동,0.63,5750,15557
2023,경기도,고양시 일산동구,장항1동,10.28,4589,10863
2023,경기도,고양시 일산동구,장항2동,2.41,15754,26531
2023,경기도,고양시 일산동구,고봉동,24.99,10779,22014
2023,경기도,고양시 일산서구,,42.56,115813,286872
2023,경기도,고양시 일산서구,일산1동,0.65,10043,25650
2023,경기도,고양시 일산서구,일산2동,0.82,8481,19145
2023,경기도,고양시 일산서구,일산3동,1.12,12105,33936
2023,경기도,고양시 일산서구,탄현1동,0.93,12381,30124
2023,경기도,고양시 일산서구,탄현2동,1.26,7286,19186
2023,경기도,고양시 일산서구,주엽1동,0.97,10969,26840
2023,경기도,고양시 일산서구,주엽2동,0.96,11450,27285
2023,경기도,고양시 일산서구,대화동,3.52,16188,34576
2023,경기도,고양시 일산서구,송포동,13.17,8027,20570
2023,경기도,고양시 일산서구,덕이동,5.53,11688,30777
2023,경기도,고양시 일산서구,가좌동,13.63,7195,18783
2023,경기도,용인시,,591.25,435340,1075566
2023,경기도,용인시 처인구,,467.51,117863,261488
2023,경기도,용인시 처인구,포곡읍,41.75,14538,32880
2023,경기도,용인시 처인구,모현읍,50.25,12242,26287
2023,경기도,용인시 처인구,이동읍,75.67,9163,20066
2023,경기도,용인시 처인구,남사읍,58.67,10011,23881
2023,경기도,용인시 처인구,원삼면,60.14,4021,7914
2023,경기도,용인시 처인구,백암면,65.73,4400,8045
2023,경기도,용인시 처인구,양지면,57.68,9602,19846
2023,경기도,용인시 처인구,중앙동,7.98,12433,24848
2023,경기도,용인시 처인구,역북동,6.05,15702,35463
2023,경기도,용인시 처인구,삼가동,6.42,4826,12359
2023,경기도,용인시 처인구,유림동,13.62,14924,37133
2023,경기도,용인시 처인구,동부동,23.54,6001,12766
2023,경기도,용인시 기흥구,,81.64,174971,436656
2023,경기도,용인시 기흥구,신갈동,4.84,16117,37241
2023,경기도,용인시 기흥구,영덕1동,3.7,12515,31353
2023,경기도,용인시 기흥구,영덕2동,5.8,7913,19199
2023,경기도,용인시 기흥구,구갈동,4.21,18110,41015
2023,경기도,용인시 기흥구,상갈동,2.0,6182,12896
2023,경기도,용인시 기흥구,보라동,10.16,12456,32906
2023,경기도,용인시 기흥구,기흥동,11.71,9119,21293
2023,경기도,용인시 기흥구,서농동,4.22,11317,25240
2023,경기도,용인시 기흥구,구성동,6.9,15375,39303
2023,경기도,용인시 기흥구,마북동,5.39,12272,31449
2023,경기도,용인시 기흥구,동백1동,3.9,11656,32023
2023,경기도,용인시 기흥구,동백2동,3.96,9450,26894
2023,경기도,용인시 기흥구,동백3동,2.5,10114,26898
2023,경기도,용인시 기흥구,상하동,5.53,9205,23620
2023,경기도,용인시 기흥구,보정동,6.82,13170,35326
2023,경기도,용인시 수지구,,42.11,142506,377422
2023,경기도,용인시 수지구,풍덕천1동,1.94,15714,35189
2023,경기도,용인시 수지구,풍덕천2동,1.47,15353,41450
2023,경기도,용인시 수지구,신봉동,6.7,14765,41317
2023,경기도,용인시 수지구,죽전1동,2.38,10701,28433
2023,경기도,용인시 수지구,죽전2동,1.07,7651,18003
2023,경기도,용인시 수지구,죽전3동,2.08,10719,26584
2023,경기도,용인시 수지구,동천동,16.59,19507,50793
2023,경기도,용인시 수지구,상현1동,0.6,6624,20088
2023,경기도,용인시 수지구,상현2동,1.97,11491,33110
2023,경기도,용인시 수지구,상현3동,2.36,11179,27759
2023,경기도,용인시 수지구,성복동,4.94,18802,54696
2023,경기도,성남시,,141.63,409602,919747
2023,경기도,성남시 수정구,,45.45,116390,235942
2023,경기도,성남시 수정구,신흥1동,0.32,7707,12665
2023,경기도,성남시 수정구,신흥2동,1.14,11370,28895
2023,경기도,성남시 수정구,신흥3동,0.33,6416,10827
2023,경기도,성남시 수정구,태평1동,1.34,8516,14376
2023,경기도,성남시 수정구,태평2동,0.49,7794,14430
2023,경기도,성남시 수정구,태평3동,0.37,6679,12442
2023,경기도,성남시 수정구,태평4동,0.4,6264,11908
2023,경기도,성남시 수정구,수진1동,0.33,6975,11564
2023,경기도,성남시 수정구,수진2동,0.93,7636,15015
2023,경기도,성남시 수정구,단대동,0.8,6528,14574
2023,경기도,성남시 수정구,산성동,0.58,2196,4723
2023,경기도,성남시 수정구,양지동,1.26,4277,9331
2023,경기도,성남시 수정구,복정동,3.55,6568,10357
2023,경기도,성남시 수정구,위례동,3.19,18168,44987
2023,경기도,성남시 수정구,신촌동,5.02,2035,4575
2023,경기도,성남시 수정구,고등동,12.44,5243,11876
2023,경기도,성남시 수정구,시흥동,12.96,2018,3397
2023,경기도,성남시 중원구,,26.42,101034,210848
2023,경기도,성남시 중원구,성남동,1.99,18307,32430
2023,경기도,성남시 중원구,중앙동,0.68,7676,16925
2023,경기도,성남시 중원구,금광1동,0.68,8239,19567
2023,경기도,성남시 중원구,금광2동,1.03,12243,24691
2023,경기도,성남시 중원구,은행1동,0.22,4427,9676
2023,경기도,성남시 중원구,은행2동,2.46,10898,22175
2023,경기도,성남시 중원구,상대원1동,6.84,12174,24336
2023,경기도,성남시 중원구,상대원2동,0.42,1672,3169
2023,경기도,성남시 중원구,상대원3동,0.36,6460,11758
2023,경기도,성남시 중원구,하대원동,2.34,8154,19593
2023,경기도,성남시 중원구,도촌동,9.39,10784,26528
2023,경기도,성남시 분당구,,69.76,192178,472957
2023,경기도,성남시 분당구,분당동,3.4,10133,24888
2023,경기도,성남시 분당구,수내1동,1.03,7787,17838
2023,경기도,성남시 분당구,수내2동,0.81,3167,10355
2023,경기도,성남시 분당구,수내3동,1.05,5159,13436
2023,경기도,성남시 분당구,정자동,1.0,6390,14284
2023,경기도,성남시 분당구,정자1동,1.45,13963,30248
2023,경기도,성남시 분당구,정자2동,0.54,7330,14614
2023,경기도,성남시 분당구,정자3동,1.92,6636,16897
2023,경기도,성남시 분당구,서현1동,7.48,12584,31021
2023,경기도,성남시 분당구,서현2동,0.79,6599,17759
2023,경기도,성남시 분당구,이매1동,2.84,9003,24845
2023,경기도,성남시 분당구,이매2동,0.68,4441,13146
2023,경기도,성남시 분당구,야탑1동,1.14,7535,16808
2023,경기도,성남시 분당구,야탑2동,0.64,6034,15874
2023,경기도,성남시 분당구,야탑3동,5.07,12635,26838
2023,경기도,성남시 분당구,판교동,4.53,8999,26512
2023,경기도,성남시 분당구,삼평동,2.8,9058,23939
2023,경기도,성남시 분당구,백현동,1.98,10428,26848
2023,경기도,성남시 분당구,금곡동,5.76,12058,27083
2023,경기도,성남시 분당구,구미동,4.51,12576,28673
2023,경기도,성남시 분당구,구미1동,2.78,7101,16495
2023,경기도,성남시 분당구,운중동,17.57,12562,34556
2023,경기도,부천시,,53.46,344096,779968
2023,경기도,부천시,심곡동,2.42,32022,59193
2023,경기도,부천시,부천동,8.26,38161,85000
2023,경기도,부천시,중동,1.56,17680,39922
2023,경기도,부천시,신중동,4.55,55423,127690
2023,경기도,부천시,상동,3.8,31114,82491
2023,경기도,부천시,대산동,4.08,35478,76367
2023,경기도,부천시,소사본동,3.0,23714,53730
2023,경기도,부천시,범안동,5.75,40085,99963
2023,경기도,부천시,성곡동,8.1,35228,77558
2023,경기도,부천시,오정동,11.94,35191,78054
2023,경기도,화성시,,700.64,404623,944342
2023,경기도,화성시,봉담읍,42.73,39836,94785
2023,경기도,화성시,우정읍,61.67,9365,17411
2023,경기도,화성시,향남읍,50.01,39760,85268
2023,경기도,화성시,남양읍,67.41,28317,57316
2023,경기도,화성시,매송면,27.28,3501,6669
2023,경기도,화성시,비봉면,38.54,4444,7496
2023,경기도,화성시,마도면,32.92,4041,6805
2023,경기도,화성시,송산면,58.37,5677,10755
2023,경기도,화성시,서신면,43.49,4055,7147
2023,경기도,화성시,팔탄면,50.97,6166,9807
2023,경기도,화성시,장안면,67.66,5573,9950
2023,경기도,화성시,양감면,31.06,2446,3959
2023,경기도,화성시,정남면,40.68,6190,10968
2023,경기도,화성시,새솔동,2.98,8567,25755
2023,경기도,화성시,진안동,6.2,23555,50370
2023,경기도,화성시,병점1동,1.46,15925,36576
2023,경기도,화성시,병점2동,1.04,8759,22924
2023,경기도,화성시,반월동,3.97,13253,37265
2023,경기도,화성시,기배동,4.25,6020,16049
2023,경기도,화성시,화산동,11.61,12605,27204
2023,경기도,화성시,동탄1동,5.1,20819,50375
2023,경기도,화성시,동탄2동,2.16,11732,34409
2023,경기도,화성시,동탄3동,2.71,17564,40896
2023,경기도,화성시,동탄4동,4.24,16817,53440
2023,경기도,화성시,동탄5동,11.41,21223,46897
2023,경기도,화성시,동탄6동,9.49,18661,43340
2023,경기도,화성시,동탄7동,4.73,22414,56880
2023,경기도,화성시,동탄8동,6.53,12550,33657
2023,경기도,화성시,동탄9동,9.97,14788,39969
2023,경기도,안산시,,156.47,288567,629308
2023,경기도,안산시 상록구,,57.99,153212,334867
2023,경기도,안산시 상록구,일동,2.74,11184,23444
2023,경기도,안산시 상록구,이동,2.09,13367,22805
2023,경기도,안산시 상록구,사동,2.34,15387,30099
2023,경기도,안산시 상록구,사이동,3.65,12946,31111
2023,경기도,안산시 상록구,해양동,3.68,15514,40391
2023,경기도,안산시 상록구,본오1동,6.49,17347,35589
2023,경기도,안산시 상록구,본오2동,0.82,10846,24928
2023,경기도,안산시 상록구,본오3동,1.1,8981,18627
2023,경기도,안산시 상록구,부곡동,6.22,9417,20808
2023,경기도,안산시 상록구,월피동,5.55,16860,36464
2023,경기도,안산시 상록구,성포동,1.71,9658,25096
2023,경기도,안산시 상록구,반월동,13.24,7542,16831
2023,경기도,안산시 상록구,안산동,8.36,4163,8674
2023,경기도,안산시 단원구,,98.47,135355,294441
2023,경기도,안산시 단원구,와동,3.23,17461,36697
2023,경기도,안산시 단원구,고잔동,1.75,10089,20396
2023,경기도,안산시 단원구,중앙동,1.87,11846,23549
2023,경기도,안산시 단원구,호수동,2.48,16093,42772
2023,경기도,안산시 단원구,원곡동,1.29,3941,5613
2023,경기도,안산시 단원구,백운동,1.51,9583,24221
2023,경기도,안산시 단원구,신길동,6.83,9789,21222
2023,경기도,안산시 단원구,초지동,24.9,20415,45838
2023,경기도,안산시 단원구,선부1동,0.86,8124,17072
2023,경기도,안산시 단원구,선부2동,2.07,7558,14734
2023,경기도,안산시 단원구,선부3동,5.81,14964,33122
2023,경기도,안산시 단원구,대부동,45.94,5492,9205
2023,경기도,남양주시,,458.13,304768,732265
2023,경기도,남양주시,와부읍,49.87,22494,57586
2023,경기도,남양주시,진접읍,65.96,39698,96010
2023,경기도,남양주시,화도읍,71.49,48734,114124
2023,경기도,남양주시,진건읍,31.22,9914,20979
2023,경기도,남양주시,오남읍,25.26,21734,51729
2023,경기도,남양주시,퇴계원읍,3.27,11631,27461
2023,경기도,남양주시,별내면,22.16,8265,18505
2023,경기도,남양주시,수동면,72.73,4853,8807
2023,경기도,남양주시,조안면,50.67,1967,3874
2023,경기도,남양주시,호평동,9.15,21736,56341
2023,경기도,남양주시,평내동,7.25,14551,37869
2023,경기도,남양주시,금곡동,6.93,8873,17703
2023,경기도,남양주시,양정동,12.35,1783,2911
2023,경기도,남양주시,다산1동,5.55,40169,101791
2023,경기도,남양주시,다산2동,5.62,14059,36184
2023,경기도,남양주시,별내동,18.64,34307,80391
2023,경기도,안양시,,58.5,227627,544660
2023,경기도,안양시 만안구,,36.56,101831,230664
2023,경기도,안양시 만안구,안양1동,0.68,5121,11883
2023,경기도,안양시 만안구,안양2동,2.82,10872,22983
2023,경기도,안양시 만안구,안양3동,1.02,7359,15687
2023,경기도,안양시 만안구,안양4동,0.31,3563,6738
2023,경기도,안양시 만안구,안양5동,0.5,4886,10012
2023,경기도,안양시 만안구,안양6동,1.47,12632,26557
2023,경기도,안양시 만안구,안양7동,1.04,5798,15006
2023,경기도,안양시 만안구,안양8동,1.09,4235,8339
2023,경기도,안양시 만안구,안양9동,6.42,7103,16524
2023,경기도,안양시 만안구,석수1동,9.23,7502,18864
2023,경기도,안양시 만안구,석수2동,3.4,12629,30097
2023,경기도,안양시 만안구,석수3동,0.7,5442,12535
2023,경기도,안양시 만안구,박달1동,0.93,6892,14180
2023,경기도,안양시 만안구,박달2동,6.95,7797,21259
2023,경기도,안양시 동안구,,21.94,125796,313996
2023,경기도,안양시 동안구,비산1동,1.82,10661,28800
2023,경기도,안양시 동안구,비산2동,0.46,5173,14547
2023,경기도,안양시 동안구,비산3동,5.57,5177,11438
2023,경기도,안양시 동안구,부흥동,0.5,6312,16517
2023,경기도,안양시 동안구,달안동,0.44,5378,9952
2023,경기도,안양시 동안구,관양1동,3.2,15450,33816
2023,경기도,안양시 동안구,관양2동,1.79,8733,18375
2023,경기도,안양시 동안구,부림동,0.86,12148,25847
2023,경기도,안양시 동안구,평촌동,0.82,4921,14047
2023,경기도,안양시 동안구,평안동,0.64,8075,22945
2023,경기도,안양시 동안구,귀인동,0.64,5065,16228
2023,경기도,안양시 동안구,호계1동,1.05,8164,21250
2023,경기도,안양시 동안구,호계2동,1.41,7469,18847
2023,경기도,안양시 동안구,호계3동,0.75,8948,23160
2023,경기도,안양시 동안구,범계동,0.64,5838,15326
2023,경기도,안양시 동안구,신촌동,0.66,4448,12386
2023,경기도,안양시 동안구,갈산동,0.69,3836,10515
2023,경기도,평택시,,458.45,279835,591022
2023,경기도,평택시,팽성읍,56.74,15944,28340
2023,경기도,평택시,안중읍,28.57,19260,42738
2023,경기도,평택시,포승읍,61.3,13927,23639
2023,경기도,평택시,청북읍,52.56,11306,26635
2023,경기도,평택시,진위면,34.03,6068,11132
2023,경기도,평택시,서탄면,28.55,1954,3566
2023,경기도,평택시,고덕면,22.18,6291,12764
2023,경기도,평택시,오성면,32.51,3275,6458
2023,경기도,평택시,현덕면,45.85,3076,5806
2023,경기도,평택시,중앙동,5.3,21520,43275
2023,경기도,평택시,서정동,1.74,12542,23875
2023,경기도,평택시,송탄동,19.55,9583,21903
2023,경기도,평택시,지산동,0.69,7664,12697
2023,경기도,평택시,송북동,7.15,9546,21375
2023,경기도,평택시,신장1동,1.6,3874,7058
2023,경기도,평택시,신장2동,0.63,3178,5108
2023,경기도,평택시,신평동,6.37,11684,20563
2023,경기도,평택시,원평동,5.25,7091,13296
2023,경기도,평택시,통복동,0.56,2348,3818
2023,경기도,평택시,비전1동,13.0,22006,51603
2023,경기도,평택시,비전2동,4.75,23126,57657
2023,경기도,평택시,세교동,7.12,15794,37632
2023,경기도,평택시,용이동,2.64,11180,25882
2023,경기도,평택시,동삭동,3.07,17717,41544
2023,경기도,평택시,고덕동,16.54,19881,42658
2023,경기도,시흥시,,139.94,228474,519715
2023,경기도,시흥시,대야동,9.85,18333,42477
2023,경기도,시흥시,신천동,3.44,16131,33845
2023,경기도,시흥시,신현동,12.65,4342,9263
2023,경기도,시흥시,은행동,3.97,20866,55147
2023,경기도,시흥시,매화동,11.2,5255,11549
2023,경기도,시흥시,목감동,17.57,17246,41286
2023,경기도,시흥시,군자동,8.04,9821,21616
2023,경기도,시흥시,정왕본동,8.32,12637,18637
2023,경기도,시흥시,정왕1동,6.55,13483,21929
2023,경기도,시흥시,정왕2동,4.78,11335,27694
2023,경기도,시흥시,정왕3동,6.23,11001,21921
2023,경기도,시흥시,정왕4동,0.9,7433,20002
2023,경기도,시흥시,거북섬동,6.12,5852,10398
2023,경기도,시흥시,배곧1동,2.6,12214,35285
2023,경기도,시흥시,배곧2동,2.3,15490,35452
2023,경기도,시흥시,과림동,7.65,1156,1806
2023,경기도,시흥시,연성동,10.05,9653,24156
2023,경기도,시흥시,능곡동,4.46,10404,25098
2023,경기도,시흥시,월곶동,8.0,8486,17301
2023,경기도,시흥시,장곡동,3.5,17336,44853
2023,경기도,파주시,,673.96,220158,497753
2023,경기도,파주시,문산읍,47.23,21586,46899
2023,경기도,파주시,파주읍,32.27,7794,14111
2023,경기도,파주시,법원읍,71.36,5474,9856
2023,경기도,파주시,조리읍,27.53,12637,28376
2023,경기도,파주시,월롱면,27.14,6560,8755
2023,경기도,파주시,탄현면,61.77,7159,13063
2023,경기도,파주시,광탄면,65.55,5759,10686
2023,경기도,파주시,파평면,39.04,2020,3658
2023,경기도,파주시,적성면,91.75,3596,6978
2023,경기도,파주시,군내면,43.29,237,558
2023,경기도,파주시,장단면,34.73,0,0
2023,경기도,파주시,진동면,43.07,78,161
2023,경기도,파주시,진서면,9.29,0,0
2023,경기도,파주시,교하동,28.44,3894,7415
2023,경기도,파주시,운정1동,5.29,19471,47598
2023,경기도,파주시,운정2동,3.21,24855,64860
2023,경기도,파주시,운정3동,3.9,27313,69456
2023,경기도,파주시,운정4동,6.42,10173,23220
2023,경기도,파주시,운정5동,5.44,16400,42855
2023,경기도,파주시,운정6동,2.92,9088,20427
2023,경기도,파주시,금촌1동,4.52,12359,21594
2023,경기도,파주시,금촌2동,2.72,12890,31506
2023,경기도,파주시,금촌3동,17.02,10815,25721
2023,경기도,의정부시,,81.55,209891,464213
2023,경기도,의정부시,의정부1동,1.95,23082,38966
2023,경기도,의정부시,의정부2동,2.48,15959,29574
2023,경기도,의정부시,호원1동,6.54,15247,34483
2023,경기도,의정부시,호원2동,4.18,13330,33020
2023,경기도,의정부시,장암동,8.94,8291,19007
2023,경기도,의정부시,신곡1동,2.56,16917,39419
2023,경기도,의정부시,신곡2동,2.82,18959,45401
2023,경기도,의정부시,송산1동,16.04,24173,57293
2023,경기도,의정부시,송산2동,1.42,13125,32012
2023,경기도,의정부시,송산3동,9.31,18022,45456
2023,경기도,의정부시,자금동,11.78,11803,25802
2023,경기도,의정부시,가능동,3.97,12074,24260
2023,경기도,의정부시,흥선동,5.74,9672,19368
2023,경기도,의정부시,녹양동,3.81,9237,20152
2023,경기도,김포시,,276.6,204594,486172
2023,경기도,김포시,통진읍,29.49,18031,34589
2023,경기도,김포시,고촌읍,25.03,18581,48397
2023,경기도,김포시,양촌읍,33.66,15537,30225
2023,경기도,김포시,대곶면,42.75,5484,9586
2023,경기도,김포시,월곶면,51.96,3057,5204
2023,경기도,김포시,하성면,54.84,4123,7918
2023,경기도,김포시,김포본동,11.8,22466,58564
2023,경기도,김포시,장기본동,2.61,13810,39254
2023,경기도,김포시,사우동,3.3,9569,21413
2023,경기도,김포시,풍무동,4.42,23351,60264
2023,경기도,김포시,장기동,3.61,16036,40770
2023,경기도,김포시,구래동,2.12,20839,45200
2023,경기도,김포시,마산동,3.03,15114,35481
2023,경기도,김포시,운양동,7.98,18596,49307
2023,경기도,광주시,,430.99,170845,391377
2023,경기도,광주시,초월읍,55.89,21895,50406
2023,경기도,광주시,곤지암읍,76.17,11328,22196
2023,경기도,광주시,도척면,52.16,5038,9325
2023,경기도,광주시,퇴촌면,60.7,7594,15778
2023,경기도,광주시,남종면,48.57,796,1423
2023,경기도,광주시,남한산성면,33.74,1148,2316
2023,경기도,광주시,오포1동,16.02,9185,21486
2023,경기도,광주시,오포2동,15.09,13606,33548
2023,경기도,광주시,신현동,8.14,16900,36543
2023,경기도,광주시,능평동,7.69,10288,23141
2023,경기도,광주시,경안동,3.19,13262,29055
2023,경기도,광주시,쌍령동,3.34,7114,17864
2023,경기도,광주시,송정동,5.09,9555,21202
2023,경기도,광주시,탄벌동,16.79,17116,40788
2023,경기도,광주시,광남1동,26.13,14274,32641
2023,경기도,광주시,광남2동,2.28,11746,33665
2023,경기도,광명시,,38.52,115114,280197
2023,경기도,광명시,광명1동,0.31,45,50
2023,경기도,광명시,광명2동,0.26,1534,2921
2023,경기도,광명시,광명3동,0.32,4904,9728
2023,경기도,광명시,광명4동,0.29,3526,7692
2023,경기도,광명시,광명5동,0.4,5159,12003
2023,경기도,광명시,광명6동,2.44,5220,13744
2023,경기도,광명시,광명7동,2.32,8832,22049
2023,경기도,광명시,철산1동,0.55,3857,10532
2023,경기도,광명시,철산2동,0.64,2968,5377
2023,경기도,광명시,철산3동,1.35,12725,36772
2023,경기도,광명시,철산4동,0.32,3702,9389
2023,경기도,광명시,하안1동,3.92,9871,25318
2023,경기도,광명시,하안2동,0.43,6494,13202
2023,경기도,광명시,하안3동,0.58,8681,19089
2023,경기도,광명시,하안4동,0.42,5053,11835
2023,경기도,광명시,소하1동,3.82,11382,30211
2023,경기도,광명시,소하2동,3.81,10981,26637
2023,경기도,광명시,일직동,3.44,9190,21744
2023,경기도,광명시,학온동,12.9,990,1904
2023,경기도,군포시,,36.42,113032,261229
2023,경기도,군포시,군포1동,3.7,15424,32198
2023,경기도,군포시,군포2동,2.95,16221,42016
2023,경기도,군포시,산본1동,0.75,8448,14994
2023,경기도,군포시,산본2동,1.17,9863,25557
2023,경기도,군포시,금정동,1.26,9822,19498
2023,경기도,군포시,재궁동,0.87,8319,17551
2023,경기도,군포시,오금동,1.07,8650,20490
2023,경기도,군포시,수리동,2.73,7033,15470
2023,경기도,군포시,궁내동,1.68,6934,19898
2023,경기도,군포시,대야동,12.8,3833,9299
2023,경기도,군포시,광정동,1.9,10291,23784
2023,경기도,군포시,송부동,5.54,8194,20474
2023,경기도,하남시,,92.99,141764,329861
2023,경기도,하남시,천현동,34.92,3604,6407
2023,경기도,하남시,신장1동,0.24,3954,6919
2023,경기도,하남시,신장2동,4.12,19079,45773
2023,경기도,하남시,덕풍1동,1.0,6445,14468
2023,경기도,하남시,덕풍2동,0.51,8729,18023
2023,경기도,하남시,덕풍3동,2.01,10826,25110
2023,경기도,하남시,감북동,4.52,1574,2812
2023,경기도,하남시,감일동,5.7,14650,39515
2023,경기도,하남시,위례동,4.77,12248,35093
2023,경기도,하남시,춘궁동,14.49,1159,1853
2023,경기도,하남시,초이동,6.13,1827,3209
2023,경기도,하남시,미사1동,6.87,27973,53929
2023,경기도,하남시,미사2동,5.05,18628,46901
2023,경기도,하남시,미사3동,2.66,11068,29849
2023,경기도,오산시,,42.69,104437,229656
2023,경기도,오산시,중앙동,3.66,14177,34687
2023,경기도,오산시,남촌동,6.05,15152,23440
2023,경기도,오산시,신장동,7.02,25494,59566
2023,경기도,오산시,세마동,13.31,13145,31763
2023,경기도,오산시,초평동,6.47,7847,16504
2023,경기도,오산시,대원동,6.2,28622,63696
2023,경기도,양주시,,310.49,117518,268026
2023,경기도,양주시,백석읍,41.5,11642,25144
2023,경기도,양주시,은현면,34.54,3062,5455
2023,경기도,양주시,남면,36.52,3697,6443
2023,경기도,양주시,광적면,48.45,5786,11124
2023,경기도,양주시,장흥면,63.63,6150,11807
2023,경기도,양주시,양주1동,23.65,2483,4780
2023,경기도,양주시,양주2동,19.09,20507,50618
2023,경기도,양주시,회천1동,9.83,4490,9044
2023,경기도,양주시,회천2동,11.15,16258,36591
2023,경기도,양주시,회천3동,4.31,10847,25469
2023,경기도,양주시,옥정1동,13.51,12985,29472
2023,경기도,양주시,옥정2동,4.25,19611,52079
2023,경기도,이천시,,461.46,103793,222098
2023,경기도,이천시,장호원읍,60.44,6682,14122
2023,경기도,이천시,부발읍,41.87,16594,36495
2023,경기도,이천시,신둔면,36.46,6689,14011
2023,경기도,이천시,백사면,32.57,5170,11432
2023,경기도,이천시,호법면,37.94,3197,5924
2023,경기도,이천시,마장면,51.39,8005,15700
2023,경기도,이천시,대월면,31.46,7711,14334
2023,경기도,이천시,모가면,40.99,2231,4152
2023,경기도,이천시,설성면,51.7,2482,4501
2023,경기도,이천시,율면,36.77,1467,2582
2023,경기도,이천시,창전동,1.13,8382,16018
2023,경기도,이천시,증포동,8.92,21348,57574
2023,경기도,이천시,중리동,22.05,9003,15644
2023,경기도,이천시,관고동,7.76,4832,9609
2023,경기도,구리시,,33.34,80450,187093
2023,경기도,구리시,갈매동,3.97,12244,30205
2023,경기도,구리시,동구동,7.38,13683,35874
2023,경기도,구리시,인창동,2.04,9645,23803
2023,경기도,구리시,교문1동,7.56,7988,15035
2023,경기도,구리시,교문2동,1.15,7906,21197
2023,경기도,구리시,수택1동,1.26,7764,15143
2023,경기도,구리시,수택2동,0.62,11836,24626
2023,경기도,구리시,수택3동,9.35,9384,21210
2023,경기도,안성시,,553.51,91026,189034
2023,경기도,안성시,공도읍,31.93,26978,61350
2023,경기도,안성시,보개면,53.0,2560,5110
2023,경기도,안성시,금광면,71.64,3700,7341
2023,경기도,안성시,서운면,36.35,1611,3081
2023,경기도,안성시,미양면,33.63,2973,5533
2023,경기도,안성시,대덕면,31.18,8440,15207
2023,경기도,안성시,양성면,53.15,2718,5131
2023,경기도,안성시,원곡면,37.91,3571,6495
2023,경기도,안성시,일죽면,55.56,3871,7279
2023,경기도,안성시,죽산면,57.28,3801,6834
2023,경기도,안성시,삼죽면,39.12,2261,3739
2023,경기도,안성시,고삼면,27.79,1031,1887
2023,경기도,안성시,안성1동,6.55,5710,11802
2023,경기도,안성시,안성2동,10.14,12369,26165
2023,경기도,안성시,안성3동,8.27,9432,22080
2023,경기도,포천시,,827.17,72876,143323
2023,경기도,포천시,소흘읍,46.28,19620,43405
2023,경기도,포천시,군내면,36.17,4441,8616
2023,경기도,포천시,내촌면,52.75,2546,4325
2023,경기도,포천시,가산면,35.9,4197,7237
2023,경기도,포천시,신북면,95.98,6309,11721
2023,경기도,포천시,창수면,71.74,1178,2063
2023,경기도,포천시,영중면,61.31,2663,4630
2023,경기도,포천시,일동면,83.38,4913,9103
2023,경기도,포천시,이동면,112.9,3200,5714
2023,경기도,포천시,영북면,81.69,4286,7753
2023,경기도,포천시,관인면,70.01,1451,2564
2023,경기도,포천시,화현면,43.58,1393,2575
2023,경기도,포천시,포천동,11.35,9233,19242
2023,경기도,포천시,선단동,23.91,7446,14375
2023,경기도,의왕시,,54.03,64402,158870
2023,경기도,의왕시,고천동,8.88,6206,13541
2023,경기도,의왕시,부곡동,11.27,12509,28964
2023,경기도,의왕시,오전동,6.72,14192,37190
2023,경기도,의왕시,내손1동,2.55,8184,20134
2023,경기도,의왕시,내손2동,2.51,7883,21702
2023,경기도,의왕시,청계동,22.1,15428,37339
2023,경기도,양평군,,877.82,61811,125238
2023,경기도,양평군,양평읍,42.23,16298,35613
2023,경기도,양평군,강상면,37.9,4661,10032
2023,경기도,양평군,강하면,41.3,2662,4880
2023,경기도,양평군,양서면,59.6,6786,13900
2023,경기도,양평군,옥천면,66.69,4187,8105
2023,경기도,양평군,서종면,92.73,5119,10031
2023,경기도,양평군,단월면,107.77,2124,3928
2023,경기도,양평군,청운면,96.64,2167,3781
2023,경기도,양평군,양동면,120.35,2456,4572
2023,경기도,양평군,지평면,77.69,3716,6833
2023,경기도,양평군,용문면,102.58,8962,18449
2023,경기도,양평군,개군면,32.34,2673,5114
2023,경기도,여주시,,608.21,55514,114412
2023,경기도,여주시,가남읍,75.29,7396,14468
2023,경기도,여주시,점동면,71.8,2315,4736
2023,경기도,여주시,흥천면,44.15,2556,5019
2023,경기도,여주시,금사면,41.78,1604,2918
2023,경기도,여주시,세종대왕면,52.98,3032,5915
2023,경기도,여주시,대신면,75.8,3615,6663
2023,경기도,여주시,북내면,65.8,2451,4729
2023,경기도,여주시,강천면,74.41,2344,4311
2023,경기도,여주시,산북면,32.82,1228,2477
2023,경기도,여주시,여흥동,38.73,10339,20917
2023,경기도,여주시,중앙동,17.78,10695,24255
2023,경기도,여주시,오학동,16.88,7939,18004
2023,경기도,동두천시,,95.67,43366,88626
2023,경기도,동두천시,생연1동,2.16,3241,6390
2023,경기도,동두천시,생연2동,0.72,5033,10993
2023,경기도,동두천시,중앙동,0.85,2905,4523
2023,경기도,동두천시,보산동,13.68,1548,2707
2023,경기도,동두천시,불현동,33.37,12016,25385
2023,경기도,동두천시,송내동,5.52,11388,25103
2023,경기도,동두천시,소요동,31.32,4441,8539
2023,경기도,동두천시,상패동,8.05,2794,4986
2023,경기도,과천시,,35.87,29194,81000
2023,경기도,과천시,중앙동,6.99,4194,11343
2023,경기도,과천시,원문동,2.21,5106,15414
2023,경기도,과천시,갈현동,2.28,3380,11410
2023,경기도,과천시,별양동,0.65,5286,14658
2023,경기도,과천시,부림동,0.4,5364,14659
2023,경기도,과천시,과천동,10.78,3103,6667
2023,경기도,과천시,문원동,12.56,2761,6849
2023,경기도,가평군,,842.82,32606,62302
2023,경기도,가평군,가평읍,144.86,10277,20656
2023,경기도,가평군,설악면,141.65,5278,9645
2023,경기도,가평군,청평면,112.23,7322,13497
2023,경기도,가평군,상면,99.96,3161,5490
2023,경기도,가평군,조종면,113.02,4384,9353
2023,경기도,가평군,북면,231.1,2184,3661
2023,경기도,연천군,,677.94,21943,41584
2023,경기도,연천군,연천읍,87.96,4131,7827
2023,경기도,연천군,전곡읍,55.21,8771,18055
2023,경기도,연천군,군남면,45.63,1645,2974
2023,경기도,연천군,청산면,43.72,2493,4176
2023,경기도,연천군,백학면,67.51,1367,2508
2023,경기도,연천군,미산면,41.34,974,1705
2023,경기도,연천군,왕징면,71.52,568,986
2023,경기도,연천군,신서면,148.35,1518,2475
2023,경기도,연천군,중면,80.9,95,164
2023,경기도,연천군,장남면,35.79,381,714
2022,경기도,여주시,북내면,65.8,2420,4792
2022,경기도,여주시,강천면,74.41,2330,4335
2022,경기도,여주시,산북면,32.82,1247,2522
2022,경기도,여주시,여흥동,38.73,10301,21405
2022,경기도,여주시,중앙동,17.78,8952,20981
2022,경기도,여주시,오학동,16.88,7999,18468
2022,경기도,동두천시,,95.67,43973,91546
2022,경기도,동두천시,생연1동,2.16,3330,6692
2022,경기도,동두천시,생연2동,0.72,5180,11529
2022,경기도,동두천시,중앙동,0.85,2986,4713
2022,경기도,동두천시,보산동,13.68,1619,2872
2022,경기도,동두천시,불현동,33.37,12165,26240
2022,경기도,동두천시,송내동,5.52,11360,25472
2022,경기도,동두천시,소요동,31.32,4491,8846
2022,경기도,동두천시,상패동,8.05,2842,5182
2022,경기도,과천시,,35.87,28726,78137
2022,경기도,과천시,중앙동,6.99,4007,10947
2022,경기도,과천시,갈현동,4.36,6927,21452
2022,경기도,과천시,별양동,0.68,5235,14585
2022,경기도,과천시,부림동,0.37,5416,14892
2022,경기도,과천시,과천동,10.78,4270,8948
2022,경기도,과천시,문원동,12.69,2871,7313
2022,경기도,가평군,,843.58,32140,62150
2022,경기도,가평군,가평읍,144.86,9532,19539
2022,경기도,가평군,설악면,141.65,5297,9691
2022,경기도,가평군,청평면,112.27,7396,13874
2022,경기도,가평군,상면,100.54,3218,5639
2022,경기도,가평군,조종면,113.06,4442,9595
2022,경기도,가평군,북면,231.2,2255,3812
2022,경기도,연천군,,677.58,21858,42062
2022,경기도,연천군,연천읍,87.96,3841,7334
2022,경기도,연천군,전곡읍,55.2,8872,18690
2022,경기도,연천군,군남면,45.64,1695,3079
2022,경기도,연천군,청산면,43.72,2503,4217
2022,경기도,연천군,백학면,67.38,1366,2527
2022,경기도,연천군,미산면,41.33,966,1706
2022,경기도,연천군,왕징면,71.42,573,997
2022,경기도,연천군,신서면,148.4,1562,2610
2022,경기도,연천군,중면,80.76,103,178
2022,경기도,연천군,장남면,35.77,377,724
2022,경기도,안성시,금광면,71.67,3623,7311
2022,경기도,안성시,서운면,36.35,1647,3193
2022,경기도,안성시,미양면,33.64,3026,5714
2022,경기도,안성시,대덕면,31.17,8546,15490
2022,경기도,안성시,양성면,53.15,2698,5145
2022,경기도,안성시,원곡면,37.9,3584,6608
2022,경기도,안성시,일죽면,55.56,3888,7351
2022,경기도,안성시,죽산면,57.28,3802,6848
2022,경기도,안성시,삼죽면,39.11,2146,3700
2022,경기도,안성시,고삼면,27.79,1035,1895
2022,경기도,안성시,안성1동,6.55,5767,12052
2022,경기도,안성시,안성2동,10.14,12265,26162
2022,경기도,안성시,안성3동,8.27,9379,22206
2022,경기도,구리시,,33.33,80424,188701
2022,경기도,구리시,갈매동,3.97,12017,30098
2022,경기도,구리시,동구동,7.38,13748,36464
2022,경기도,구리시,인창동,2.04,9233,22913
2022,경기도,구리시,교문1동,7.56,8308,15724
2022,경기도,구리시,교문2동,1.15,7912,21323
2022,경기도,구리시,수택1동,1.26,7834,15453
2022,경기도,구리시,수택2동,0.62,11915,25090
2022,경기도,구리시,수택3동,9.35,9457,21636
2022,경기도,의왕시,,54.03,64839,160221
2022,경기도,의왕시,고천동,8.88,6525,13738
2022,경기도,의왕시,부곡동,11.27,12031,28014
2022,경기도,의왕시,오전동,6.72,14718,38715
2022,경기도,의왕시,내손1동,2.55,8206,20348
2022,경기도,의왕시,내손2동,2.51,7985,21925
2022,경기도,의왕시,청계동,22.1,15374,37481
2022,경기도,포천시,,826.95,73438,146701
2022,경기도,포천시,소흘읍,46.28,19645,44448
2022,경기도,포천시,군내면,36.17,4311,8452
2022,경기도,포천시,내촌면,52.75,2616,4459
2022,경기도,포천시,가산면,35.9,4272,7452
2022,경기도,포천시,신북면,95.98,6472,12258
2022,경기도,포천시,창수면,71.74,1160,2065
2022,경기도,포천시,영중면,61.31,2666,4676
2022,경기도,포천시,일동면,83.38,5014,9353
2022,경기도,포천시,이동면,112.9,3290,6010
2022,경기도,포천시,영북면,81.69,4381,8100
2022,경기도,포천시,관인면,70.01,1474,2627
2022,경기도,포천시,화현면,43.58,1433,2694
2022,경기도,포천시,포천동,11.35,9114,19325
2022,경기도,포천시,선단동,23.91,7590,14782
2022,경기도,양평군,,877.78,59788,122323
2022,경기도,양평군,양평읍,42.23,14526,32200
2022,경기도,양평군,강상면,37.89,4725,10286
2022,경기도,양평군,강하면,41.3,2650,4893
2022,경기도,양평군,양서면,59.61,6741,13983
2022,경기도,양평군,옥천면,66.69,4231,8299
2022,경기도,양평군,서종면,92.73,5157,10076
2022,경기도,양평군,단월면,107.74,2129,3903
2022,경기도,양평군,청운면,96.63,2162,3813
2022,경기도,양평군,양동면,120.35,2417,4611
2022,경기도,양평군,지평면,77.69,3758,7019
2022,경기도,양평군,용문면,102.57,8609,18012
2022,경기도,양평군,개군면,32.35,2683,5228
2022,경기도,여주시,,608.29,53946,113150
2022,경기도,여주시,가남읍,75.29,7455,14839
2022,경기도,여주시,점동면,71.8,2324,4810
2022,경기도,여주시,흥천면,44.15,2551,5098
2022,경기도,여주시,금사면,41.79,1610,2968
2022,경기도,여주시,세종대왕면,52.98,3081,6084
2022,경기도,여주시,대신면,75.86,3676,6848
2022,경기도,광명시,광명6동,2.44,4849,12703
2022,경기도,광명시,광명7동,2.31,8413,20731
2022,경기도,광명시,철산1동,0.55,3912,10682
2022,경기도,광명시,철산2동,0.64,3078,5611
2022,경기도,광명시,철산3동,1.35,13047,37391
2022,경기도,광명시,철산4동,0.33,4739,11381
2022,경기도,광명시,하안1동,3.92,9851,25504
2022,경기도,광명시,하안2동,0.43,6514,13504
2022,경기도,광명시,하안3동,0.58,8732,19412
2022,경기도,광명시,하안4동,0.42,5059,12142
2022,경기도,광명시,소하1동,3.81,11609,30852
2022,경기도,광명시,소하2동,3.8,11330,27688
2022,경기도,광명시,일직동,3.48,9084,21690
2022,경기도,광명시,학온동,12.89,1037,2003
2022,경기도,군포시,,36.42,113878,266213
2022,경기도,군포시,군포1동,3.7,15690,32888
2022,경기도,군포시,군포2동,2.95,16398,42970
2022,경기도,군포시,산본1동,0.75,8560,15470
2022,경기도,군포시,산본2동,1.17,9875,25896
2022,경기도,군포시,금정동,1.26,9801,19644
2022,경기도,군포시,재궁동,0.87,8414,18068
2022,경기도,군포시,오금동,1.07,8652,20946
2022,경기도,군포시,수리동,2.73,7107,15893
2022,경기도,군포시,궁내동,1.68,6956,20135
2022,경기도,군포시,대야동,12.8,3916,9530
2022,경기도,군포시,광정동,1.9,10300,24106
2022,경기도,군포시,송부동,5.54,8209,20667
2022,경기도,양주시,,310.43,106361,243432
2022,경기도,양주시,백석읍,41.5,11769,25885
2022,경기도,양주시,은현면,34.54,3109,5642
2022,경기도,양주시,남면,36.52,3858,6839
2022,경기도,양주시,광적면,48.45,5967,11628
2022,경기도,양주시,장흥면,63.63,5916,11421
2022,경기도,양주시,양주1동,23.65,2602,5004
2022,경기도,양주시,양주2동,19.09,20237,51105
2022,경기도,양주시,회천1동,9.83,4690,9499
2022,경기도,양주시,회천2동,11.15,11910,27253
2022,경기도,양주시,회천3동,4.31,10940,26614
2022,경기도,양주시,회천4동,17.76,25363,62542
2022,경기도,오산시,,42.71,103552,229849
2022,경기도,오산시,중앙동,3.66,14270,35233
2022,경기도,오산시,남촌동,6.05,13965,20540
2022,경기도,오산시,신장동,7.02,25652,60665
2022,경기도,오산시,세마동,13.31,13019,31868
2022,경기도,오산시,초평동,6.47,7854,16775
2022,경기도,오산시,대원동,6.2,28792,64768
2022,경기도,이천시,,461.45,102618,222721
2022,경기도,이천시,장호원읍,60.44,6660,14348
2022,경기도,이천시,부발읍,41.87,16157,36245
2022,경기도,이천시,신둔면,36.46,6685,14112
2022,경기도,이천시,백사면,32.57,5147,11492
2022,경기도,이천시,호법면,37.94,3207,6029
2022,경기도,이천시,마장면,51.39,7917,15631
2022,경기도,이천시,대월면,31.46,7702,14420
2022,경기도,이천시,모가면,40.99,2273,4306
2022,경기도,이천시,설성면,51.7,2502,4611
2022,경기도,이천시,율면,36.77,1461,2609
2022,경기도,이천시,창전동,1.13,8563,16673
2022,경기도,이천시,증포동,8.92,20935,57247
2022,경기도,이천시,중리동,22.05,8527,15128
2022,경기도,이천시,관고동,7.76,4882,9870
2022,경기도,안성시,,553.53,89951,188842
2022,경기도,안성시,공도읍,31.94,25910,59930
2022,경기도,안성시,보개면,53.01,2635,5237
2022,경기도,김포시,대곶면,42.75,5658,9948
2022,경기도,김포시,월곶면,51.96,3108,5357
2022,경기도,김포시,하성면,54.84,4200,8086
2022,경기도,김포시,김포본동,11.81,22606,59453
2022,경기도,김포시,장기본동,2.61,13677,38938
2022,경기도,김포시,사우동,3.3,9724,21917
2022,경기도,김포시,풍무동,4.42,23503,60656
2022,경기도,김포시,장기동,3.61,16166,41191
2022,경기도,김포시,구래동,2.12,20638,45354
2022,경기도,김포시,마산동,3.03,15252,35950
2022,경기도,김포시,운양동,7.98,18559,49213
2022,경기도,의정부시,,81.55,208352,463724
2022,경기도,의정부시,의정부1동,1.95,22394,37444
2022,경기도,의정부시,의정부2동,2.48,16078,30210
2022,경기도,의정부시,호원1동,6.54,15376,35172
2022,경기도,의정부시,호원2동,4.18,13483,33802
2022,경기도,의정부시,장암동,8.94,8360,19454
2022,경기도,의정부시,신곡1동,2.56,17205,40638
2022,경기도,의정부시,신곡2동,2.82,19139,46399
2022,경기도,의정부시,송산1동,16.04,21694,50041
2022,경기도,의정부시,송산2동,1.42,13201,32662
2022,경기도,의정부시,송산3동,9.31,18057,46285
2022,경기도,의정부시,자금동,11.78,12045,26532
2022,경기도,의정부시,가능동,3.97,12402,25098
2022,경기도,의정부시,흥선동,5.74,9496,19149
2022,경기도,의정부시,녹양동,3.81,9422,20838
2022,경기도,광주시,,430.99,170497,391462
2022,경기도,광주시,초월읍,55.89,21026,48213
2022,경기도,광주시,곤지암읍,76.17,11486,22786
2022,경기도,광주시,도척면,52.16,5060,9446
2022,경기도,광주시,퇴촌면,60.7,7604,15849
2022,경기도,광주시,남종면,48.57,819,1470
2022,경기도,광주시,남한산성면,33.74,1198,2373
2022,경기도,광주시,오포1동,16.02,9267,21317
2022,경기도,광주시,오포2동,15.09,13725,34245
2022,경기도,광주시,신현동,8.14,17019,36941
2022,경기도,광주시,능평동,7.69,10352,23481
2022,경기도,광주시,경안동,3.19,13388,29445
2022,경기도,광주시,쌍령동,3.34,7162,18154
2022,경기도,광주시,송정동,5.09,9648,21577
2022,경기도,광주시,탄벌동,16.79,16343,38680
2022,경기도,광주시,광남1동,23.5,14776,34157
2022,경기도,광주시,광남2동,4.91,11624,33328
2022,경기도,하남시,,92.99,140415,326059
2022,경기도,하남시,천현동,34.92,3914,6991
2022,경기도,하남시,신장1동,0.24,3764,6695
2022,경기도,하남시,신장2동,4.12,19337,46245
2022,경기도,하남시,덕풍1동,1.0,6709,14912
2022,경기도,하남시,덕풍2동,0.51,8987,18441
2022,경기도,하남시,덕풍3동,2.01,10812,25312
2022,경기도,하남시,풍산동,2.66,11115,29852
2022,경기도,하남시,감북동,4.52,1513,2728
2022,경기도,하남시,감일동,5.7,13033,35613
2022,경기도,하남시,위례동,4.77,11105,31760
2022,경기도,하남시,춘궁동,14.49,1849,3200
2022,경기도,하남시,초이동,6.13,1940,3383
2022,경기도,하남시,미사1동,6.87,27710,53680
2022,경기도,하남시,미사2동,5.05,18627,47247
2022,경기도,광명시,,38.52,118493,287945
2022,경기도,광명시,광명1동,0.31,56,62
2022,경기도,광명시,광명2동,0.26,1555,2970
2022,경기도,광명시,광명3동,0.32,4880,9704
2022,경기도,광명시,광명4동,0.29,5612,11885
2022,경기도,광명시,광명5동,0.4,5136,12030
2022,경기도,안양시 만안구,박달2동,6.95,8008,21976
2022,경기도,안양시 동안구,,21.94,124925,313834
2022,경기도,안양시 동안구,비산1동,1.82,10279,27815
2022,경기도,안양시 동안구,비산2동,0.46,5165,14627
2022,경기도,안양시 동안구,비산3동,5.57,5261,11745
2022,경기도,안양시 동안구,부흥동,0.5,6332,16661
2022,경기도,안양시 동안구,달안동,0.44,5409,10200
2022,경기도,안양시 동안구,관양1동,3.2,15591,34653
2022,경기도,안양시 동안구,관양2동,1.79,8766,18579
2022,경기도,안양시 동안구,부림동,0.86,12175,26174
2022,경기도,안양시 동안구,평촌동,0.82,4928,14236
2022,경기도,안양시 동안구,평안동,0.64,8096,23170
2022,경기도,안양시 동안구,귀인동,0.64,5113,16397
2022,경기도,안양시 동안구,호계1동,1.03,7055,18221
2022,경기도,안양시 동안구,호계2동,1.43,7572,19227
2022,경기도,안양시 동안구,호계3동,0.75,8969,23300
2022,경기도,안양시 동안구,범계동,0.64,5829,15488
2022,경기도,안양시 동안구,신촌동,0.66,4484,12589
2022,경기도,안양시 동안구,갈산동,0.69,3901,10752
2022,경기도,시흥시,,139.93,223534,512912
2022,경기도,시흥시,대야동,9.42,18428,43239
2022,경기도,시흥시,신천동,3.44,16393,35213
2022,경기도,시흥시,신현동,12.65,4416,9633
2022,경기도,시흥시,은행동,6.41,20805,55672
2022,경기도,시흥시,매화동,11.21,5313,11931
2022,경기도,시흥시,목감동,17.56,17240,41852
2022,경기도,시흥시,군자동,8.04,9389,21032
2022,경기도,시흥시,정왕본동,9.97,13386,19807
2022,경기도,시흥시,정왕1동,6.55,13786,22761
2022,경기도,시흥시,정왕2동,8.54,14148,31733
2022,경기도,시흥시,정왕3동,6.18,11174,22705
2022,경기도,시흥시,정왕4동,0.9,7452,20501
2022,경기도,시흥시,배곧1동,2.6,12171,35459
2022,경기도,시흥시,배곧2동,2.3,15380,35456
2022,경기도,시흥시,과림동,7.65,1188,1872
2022,경기도,시흥시,연성동,10.03,9640,24607
2022,경기도,시흥시,장곡동,3.49,14514,36893
2022,경기도,시흥시,월곶동,8.53,8286,17156
2022,경기도,시흥시,능곡동,4.46,10425,25390
2022,경기도,파주시,,673.86,218264,495315
2022,경기도,파주시,문산읍,47.23,21835,47819
2022,경기도,파주시,파주읍,32.26,7792,14120
2022,경기도,파주시,법원읍,71.35,5561,10213
2022,경기도,파주시,조리읍,27.53,12837,29112
2022,경기도,파주시,월롱면,27.14,7179,9428
2022,경기도,파주시,탄현면,61.77,7310,13259
2022,경기도,파주시,광탄면,65.55,5856,10895
2022,경기도,파주시,파평면,41.87,2084,3775
2022,경기도,파주시,적성면,88.91,3655,7207
2022,경기도,파주시,군내면,43.28,227,556
2022,경기도,파주시,장단면,34.73,0,0
2022,경기도,파주시,진동면,43.07,78,161
2022,경기도,파주시,진서면,9.29,0,0
2022,경기도,파주시,교하동,36.84,26710,66167
2022,경기도,파주시,운정1동,9.67,21815,52905
2022,경기도,파주시,운정2동,3.21,24025,62357
2022,경기도,파주시,운정3동,5.9,34544,86488
2022,경기도,파주시,금촌1동,4.52,12639,22291
2022,경기도,파주시,금촌2동,2.72,13020,32058
2022,경기도,파주시,금촌3동,17.02,11097,26504
2022,경기도,김포시,,276.59,202189,484267
2022,경기도,김포시,통진읍,29.49,15936,30682
2022,경기도,김포시,고촌읍,25.03,18319,47855
2022,경기도,김포시,양촌읍,33.66,14843,29667
2022,경기도,안산시 상록구,사이동,3.65,13088,31838
2022,경기도,안산시 상록구,해양동,3.68,15982,41163
2022,경기도,안산시 상록구,본오1동,6.49,17665,36756
2022,경기도,안산시 상록구,본오2동,0.82,10961,25570
2022,경기도,안산시 상록구,본오3동,1.1,9117,19210
2022,경기도,안산시 상록구,부곡동,6.22,9502,21327
2022,경기도,안산시 상록구,월피동,5.55,17050,37580
2022,경기도,안산시 상록구,성포동,1.71,9698,25562
2022,경기도,안산시 상록구,반월동,13.24,7634,17162
2022,경기도,안산시 상록구,안산동,8.36,4231,8898
2022,경기도,안산시 단원구,,98.54,135058,296996
2022,경기도,안산시 단원구,와동,3.23,17654,37519
2022,경기도,안산시 단원구,고잔동,1.75,10158,21080
2022,경기도,안산시 단원구,중앙동,1.87,11407,23298
2022,경기도,안산시 단원구,호수동,2.48,16116,43090
2022,경기도,안산시 단원구,원곡동,1.29,4135,5908
2022,경기도,안산시 단원구,백운동,1.51,8180,21241
2022,경기도,안산시 단원구,신길동,6.83,10103,22080
2022,경기도,안산시 단원구,초지동,24.9,20425,46508
2022,경기도,안산시 단원구,선부1동,0.86,8176,17348
2022,경기도,안산시 단원구,선부2동,2.07,7965,15627
2022,경기도,안산시 단원구,선부3동,5.81,15228,34057
2022,경기도,안산시 단원구,대부동,45.94,5511,9240
2022,경기도,평택시,,458.25,271362,578529
2022,경기도,평택시,팽성읍,56.74,16198,29077
2022,경기도,평택시,안중읍,28.57,19391,43685
2022,경기도,평택시,포승읍,61.3,14200,24549
2022,경기도,평택시,청북읍,52.56,11260,27161
2022,경기도,평택시,진위면,34.03,6143,11372
2022,경기도,평택시,서탄면,28.55,1973,3593
2022,경기도,평택시,고덕면,22.18,6382,13254
2022,경기도,평택시,오성면,32.51,3333,6649
2022,경기도,평택시,현덕면,45.85,2699,4972
2022,경기도,평택시,중앙동,5.3,21374,44181
2022,경기도,평택시,서정동,1.74,12646,24637
2022,경기도,평택시,송탄동,19.55,9660,22294
2022,경기도,평택시,지산동,0.69,7723,12942
2022,경기도,평택시,송북동,7.15,9622,22001
2022,경기도,평택시,신장1동,1.6,3927,7165
2022,경기도,평택시,신장2동,0.63,3262,5311
2022,경기도,평택시,신평동,6.37,11913,21253
2022,경기도,평택시,원평동,5.25,7065,13430
2022,경기도,평택시,통복동,0.56,2407,3973
2022,경기도,평택시,비전1동,13.0,21859,52015
2022,경기도,평택시,비전2동,4.75,23209,58221
2022,경기도,평택시,세교동,7.12,14288,33675
2022,경기도,평택시,용이동,2.64,11075,25958
2022,경기도,평택시,동삭동,3.07,16165,37956
2022,경기도,평택시,고덕동,16.54,13588,29205
2022,경기도,안양시,,58.5,227475,548228
2022,경기도,안양시 만안구,,36.56,102550,234394
2022,경기도,안양시 만안구,안양1동,0.68,5136,12097
2022,경기도,안양시 만안구,안양2동,2.82,10861,23066
2022,경기도,안양시 만안구,안양3동,1.02,7456,16084
2022,경기도,안양시 만안구,안양4동,0.31,3561,6804
2022,경기도,안양시 만안구,안양5동,0.5,4926,10128
2022,경기도,안양시 만안구,안양6동,1.47,12680,26771
2022,경기도,안양시 만안구,안양7동,1.04,5785,15161
2022,경기도,안양시 만안구,안양8동,1.09,4370,8677
2022,경기도,안양시 만안구,안양9동,6.42,7163,16840
2022,경기도,안양시 만안구,석수1동,9.23,7449,18922
2022,경기도,안양시 만안구,석수2동,3.4,12708,30593
2022,경기도,안양시 만안구,석수3동,0.7,5488,12763
2022,경기도,안양시 만안구,박달1동,0.93,6959,14512
2022,경기도,성남시 중원구,금광2동,1.03,12396,25399
2022,경기도,성남시 중원구,은행1동,0.22,4500,10066
2022,경기도,성남시 중원구,은행2동,2.46,11095,23184
2022,경기도,성남시 중원구,상대원1동,6.84,12208,24950
2022,경기도,성남시 중원구,상대원2동,0.42,2709,5043
2022,경기도,성남시 중원구,상대원3동,0.36,6602,12258
2022,경기도,성남시 중원구,하대원동,2.34,8232,20048
2022,경기도,성남시 중원구,도촌동,9.39,10767,26972
2022,경기도,성남시 분당구,,69.77,194598,481553
2022,경기도,성남시 분당구,분당동,3.4,10196,25292
2022,경기도,성남시 분당구,수내1동,1.03,7782,17889
2022,경기도,성남시 분당구,수내2동,0.81,3196,10424
2022,경기도,성남시 분당구,수내3동,1.05,5199,13557
2022,경기도,성남시 분당구,정자동,1.0,8206,19054
2022,경기도,성남시 분당구,정자1동,1.45,13885,30076
2022,경기도,성남시 분당구,정자2동,0.54,7424,14910
2022,경기도,성남시 분당구,정자3동,1.92,6677,17011
2022,경기도,성남시 분당구,서현1동,7.48,12638,31308
2022,경기도,성남시 분당구,서현2동,0.79,6643,17900
2022,경기도,성남시 분당구,이매1동,2.84,8977,24931
2022,경기도,성남시 분당구,이매2동,0.68,4445,13207
2022,경기도,성남시 분당구,야탑1동,1.14,7623,17024
2022,경기도,성남시 분당구,야탑2동,0.64,6088,16093
2022,경기도,성남시 분당구,야탑3동,5.07,12750,27438
2022,경기도,성남시 분당구,판교동,4.53,9004,26515
2022,경기도,성남시 분당구,삼평동,2.8,9110,24229
2022,경기도,성남시 분당구,백현동,1.98,10340,26988
2022,경기도,성남시 분당구,금곡동,5.76,12156,27409
2022,경기도,성남시 분당구,구미동,4.51,13109,30135
2022,경기도,성남시 분당구,구미1동,2.78,7164,16823
2022,경기도,성남시 분당구,운중동,17.57,11986,33340
2022,경기도,부천시,,53.45,344135,790128
2022,경기도,부천시,심곡동,2.55,32872,61559
2022,경기도,부천시,부천동,8.13,38897,87662
2022,경기도,부천시,중동,1.85,17393,40178
2022,경기도,부천시,신중동,4.36,55165,129109
2022,경기도,부천시,상동,3.69,30984,83710
2022,경기도,부천시,대산동,4.08,36130,78810
2022,경기도,부천시,소사본동,3.02,23913,55011
2022,경기도,부천시,범안동,5.73,37008,93166
2022,경기도,부천시,성곡동,7.64,35928,80284
2022,경기도,부천시,오정동,12.4,35845,80639
2022,경기도,남양주시,,458.12,304288,737353
2022,경기도,남양주시,와부읍,49.87,22587,58198
2022,경기도,남양주시,진접읍,65.96,39371,95986
2022,경기도,남양주시,화도읍,71.49,49290,116847
2022,경기도,남양주시,진건읍,31.22,10471,22286
2022,경기도,남양주시,오남읍,25.26,21865,52658
2022,경기도,남양주시,퇴계원읍,3.27,11828,28179
2022,경기도,남양주시,별내면,22.16,8396,18959
2022,경기도,남양주시,수동면,72.73,4846,8855
2022,경기도,남양주시,조안면,50.67,1988,3983
2022,경기도,남양주시,호평동,9.15,21749,56736
2022,경기도,남양주시,평내동,7.25,14435,37739
2022,경기도,남양주시,금곡동,6.93,8736,17867
2022,경기도,남양주시,양정동,12.35,2207,3737
2022,경기도,남양주시,다산1동,5.55,39140,100026
2022,경기도,남양주시,다산2동,5.62,13604,35489
2022,경기도,남양주시,별내동,18.64,33775,79808
2022,경기도,안산시,,156.53,291091,641660
2022,경기도,안산시 상록구,,57.99,156033,344664
2022,경기도,안산시 상록구,일동,2.74,11443,24413
2022,경기도,안산시 상록구,이동,2.09,13566,23515
2022,경기도,안산시 상록구,사동,2.34,16096,31670
2022,경기도,고양시 일산서구,,42.56,116209,290325
2022,경기도,고양시 일산서구,일산1동,0.65,10143,26212
2022,경기도,고양시 일산서구,일산2동,0.82,7962,17943
2022,경기도,고양시 일산서구,일산3동,1.12,12108,34216
2022,경기도,고양시 일산서구,탄현1동,0.93,12505,30616
2022,경기도,고양시 일산서구,탄현2동,1.26,7351,19487
2022,경기도,고양시 일산서구,주엽1동,0.97,11005,27238
2022,경기도,고양시 일산서구,주엽2동,0.96,11607,27853
2022,경기도,고양시 일산서구,대화동,3.52,16328,35310
2022,경기도,고양시 일산서구,송포동,13.17,8118,20960
2022,경기도,고양시 일산서구,덕이동,5.53,11795,31286
2022,경기도,고양시 일산서구,가좌동,13.63,7287,19204
2022,경기도,화성시,,699.41,387820,910814
2022,경기도,화성시,봉담읍,42.76,36842,87988
2022,경기도,화성시,우정읍,61.66,9360,17608
2022,경기도,화성시,향남읍,50.01,40001,87149
2022,경기도,화성시,남양읍,67.41,24583,49592
2022,경기도,화성시,매송면,27.27,3554,6846
2022,경기도,화성시,비봉면,38.54,3879,6901
2022,경기도,화성시,마도면,32.88,4135,7009
2022,경기도,화성시,송산면,58.37,5722,10970
2022,경기도,화성시,서신면,43.48,4064,7223
2022,경기도,화성시,팔탄면,50.97,6357,10027
2022,경기도,화성시,장안면,67.67,5747,10235
2022,경기도,화성시,양감면,31.06,2465,4024
2022,경기도,화성시,정남면,40.68,6318,11298
2022,경기도,화성시,새솔동,1.81,8432,25312
2022,경기도,화성시,진안동,6.87,21169,43694
2022,경기도,화성시,병점1동,1.46,15814,36932
2022,경기도,화성시,병점2동,1.04,8769,23491
2022,경기도,화성시,반월동,3.96,11258,32089
2022,경기도,화성시,기배동,4.23,6053,16280
2022,경기도,화성시,화산동,11.61,10950,23822
2022,경기도,화성시,동탄1동,5.1,20940,50920
2022,경기도,화성시,동탄2동,2.16,11768,34740
2022,경기도,화성시,동탄3동,2.06,17556,41724
2022,경기도,화성시,동탄4동,4.24,16667,53085
2022,경기도,화성시,동탄5동,11.41,20664,46497
2022,경기도,화성시,동탄6동,9.49,17917,41534
2022,경기도,화성시,동탄7동,14.68,34334,90581
2022,경기도,화성시,동탄8동,6.53,12502,33243
2022,경기도,성남시,,141.63,408195,922518
2022,경기도,성남시 수정구,,45.45,113458,230460
2022,경기도,성남시 수정구,신흥1동,0.32,7949,13192
2022,경기도,성남시 수정구,신흥2동,1.14,7626,19883
2022,경기도,성남시 수정구,신흥3동,0.33,6531,11220
2022,경기도,성남시 수정구,태평1동,1.34,8815,15067
2022,경기도,성남시 수정구,태평2동,0.49,7918,14993
2022,경기도,성남시 수정구,태평3동,0.37,6880,13022
2022,경기도,성남시 수정구,태평4동,0.4,6589,12796
2022,경기도,성남시 수정구,수진1동,0.33,7207,11999
2022,경기도,성남시 수정구,수진2동,0.93,7808,15555
2022,경기도,성남시 수정구,단대동,0.8,6636,15173
2022,경기도,성남시 수정구,산성동,0.58,2268,4960
2022,경기도,성남시 수정구,양지동,1.26,4361,9686
2022,경기도,성남시 수정구,복정동,3.55,6728,10722
2022,경기도,성남시 수정구,위례동,3.19,17412,43465
2022,경기도,성남시 수정구,신촌동,5.02,2029,4639
2022,경기도,성남시 수정구,고등동,12.44,4752,10720
2022,경기도,성남시 수정구,시흥동,12.96,1949,3368
2022,경기도,성남시 중원구,,26.41,100139,210505
2022,경기도,성남시 중원구,성남동,1.99,18480,33317
2022,경기도,성남시 중원구,중앙동,0.68,7431,16205
2022,경기도,성남시 중원구,금광1동,0.68,5719,13063
2022,경기도,용인시 기흥구,,81.64,174294,438235
2022,경기도,용인시 기흥구,신갈동,4.84,16121,37875
2022,경기도,용인시 기흥구,영덕1동,3.7,11819,30183
2022,경기도,용인시 기흥구,영덕2동,5.8,7225,17428
2022,경기도,용인시 기흥구,구갈동,4.21,18118,41361
2022,경기도,용인시 기흥구,상갈동,2.0,6229,13176
2022,경기도,용인시 기흥구,보라동,10.16,12392,33016
2022,경기도,용인시 기흥구,기흥동,11.71,9093,21477
2022,경기도,용인시 기흥구,서농동,4.22,11947,26056
2022,경기도,용인시 기흥구,구성동,6.9,15483,39913
2022,경기도,용인시 기흥구,마북동,5.39,12303,31675
2022,경기도,용인시 기흥구,동백1동,3.9,11667,32460
2022,경기도,용인시 기흥구,동백2동,3.96,9437,27077
2022,경기도,용인시 기흥구,동백3동,2.5,10024,26850
2022,경기도,용인시 기흥구,상하동,5.53,9173,23984
2022,경기도,용인시 기흥구,보정동,6.82,13263,35704
2022,경기도,용인시 수지구,,42.1,142203,377448
2022,경기도,용인시 수지구,풍덕천1동,1.94,15745,35668
2022,경기도,용인시 수지구,풍덕천2동,1.47,15285,41454
2022,경기도,용인시 수지구,신봉동,6.7,14627,40816
2022,경기도,용인시 수지구,죽전1동,2.38,10713,28673
2022,경기도,용인시 수지구,죽전2동,1.07,7681,18178
2022,경기도,용인시 수지구,죽전3동,2.08,10683,26717
2022,경기도,용인시 수지구,동천동,16.59,19487,50642
2022,경기도,용인시 수지구,상현1동,0.6,6633,20116
2022,경기도,용인시 수지구,상현2동,1.97,11427,32922
2022,경기도,용인시 수지구,상현3동,2.36,11139,27697
2022,경기도,용인시 수지구,성복동,4.94,18783,54565
2022,경기도,고양시,,268.08,461459,1076535
2022,경기도,고양시 덕양구,,165.57,216683,490088
2022,경기도,고양시 덕양구,주교동,5.62,5653,11402
2022,경기도,고양시 덕양구,원신동,12.74,9453,23287
2022,경기도,고양시 덕양구,흥도동,9.12,12486,29736
2022,경기도,고양시 덕양구,성사1동,2.19,10205,21662
2022,경기도,고양시 덕양구,성사2동,0.92,4765,10982
2022,경기도,고양시 덕양구,효자동,25.35,9009,21223
2022,경기도,고양시 덕양구,삼송1동,6.18,9063,19573
2022,경기도,고양시 덕양구,삼송2동,2.75,14156,28754
2022,경기도,고양시 덕양구,창릉동,11.57,10477,23899
2022,경기도,고양시 덕양구,고양동,25.04,12682,29168
2022,경기도,고양시 덕양구,관산동,15.05,16620,35891
2022,경기도,고양시 덕양구,능곡동,13.78,7126,15968
2022,경기도,고양시 덕양구,화정1동,2.31,15986,36666
2022,경기도,고양시 덕양구,화정2동,1.94,12930,31934
2022,경기도,고양시 덕양구,행주동,6.01,9755,18123
2022,경기도,고양시 덕양구,행신1동,0.69,8857,21236
2022,경기도,고양시 덕양구,행신2동,4.28,13056,30900
2022,경기도,고양시 덕양구,행신3동,0.51,8990,23434
2022,경기도,고양시 덕양구,행신4동,1.43,9844,20401
2022,경기도,고양시 덕양구,화전동,7.3,12018,27945
2022,경기도,고양시 덕양구,대덕동,10.79,3552,7904
2022,경기도,고양시 일산동구,,59.95,128567,296122
2022,경기도,고양시 일산동구,식사동,6.82,14629,40629
2022,경기도,고양시 일산동구,중산1동,1.43,9129,21237
2022,경기도,고양시 일산동구,중산2동,1.41,9681,24219
2022,경기도,고양시 일산동구,정발산동,1.53,10211,22643
2022,경기도,고양시 일산동구,풍산동,5.67,14463,37772
2022,경기도,고양시 일산동구,백석1동,1.77,12884,29577
2022,경기도,고양시 일산동구,백석2동,0.8,11535,20337
2022,경기도,고양시 일산동구,마두1동,2.21,8856,23416
2022,경기도,고양시 일산동구,마두2동,0.63,5794,15751
2022,경기도,고양시 일산동구,장항1동,10.28,4703,11114
2022,경기도,고양시 일산동구,장항2동,2.41,15714,26756
2022,경기도,고양시 일산동구,고봉동,24.99,10968,22671
2022,경기도,,,10198.33,5913694,13589432
2022,경기도,수원시,,121.09,528482,1190964
2022,경기도,수원시 장안구,,33.34,118811,270524
2022,경기도,수원시 장안구,파장동,8.62,10558,22685
2022,경기도,수원시 장안구,율천동,3.15,19981,41437
2022,경기도,수원시 장안구,정자1동,1.27,10823,28115
2022,경기도,수원시 장안구,정자2동,1.44,15195,36494
2022,경기도,수원시 장안구,정자3동,1.44,14166,40375
2022,경기도,수원시 장안구,영화동,1.27,10720,19484
2022,경기도,수원시 장안구,송죽동,1.68,8914,19144
2022,경기도,수원시 장안구,조원1동,1.84,13532,29196
2022,경기도,수원시 장안구,조원2동,1.05,6476,18038
2022,경기도,수원시 장안구,연무동,11.58,8446,15556
2022,경기도,수원시 권선구,,47.18,161085,367446
2022,경기도,수원시 권선구,세류1동,0.93,4396,9832
2022,경기도,수원시 권선구,세류2동,3.58,12585,23528
2022,경기도,수원시 권선구,세류3동,1.29,9147,18286
2022,경기도,수원시 권선구,평동,10.91,16921,40701
2022,경기도,수원시 권선구,서둔동,5.44,17493,37602
2022,경기도,수원시 권선구,구운동,1.94,10834,23924
2022,경기도,수원시 권선구,금곡동,4.08,17602,44865
2022,경기도,수원시 권선구,호매실동,4.76,17288,45433
2022,경기도,수원시 권선구,권선1동,1.03,13479,24370
2022,경기도,수원시 권선구,권선2동,1.81,17219,47384
2022,경기도,수원시 권선구,곡선동,4.47,17991,35399
2022,경기도,수원시 권선구,입북동,6.94,6130,16122
2022,경기도,수원시 팔달구,,12.86,95950,192610
2022,경기도,수원시 팔달구,행궁동,1.57,6261,9908
2022,경기도,수원시 팔달구,매교동,0.72,8734,19673
2022,경기도,수원시 팔달구,매산동,0.81,5888,9964
2022,경기도,수원시 팔달구,고등동,1.01,9673,20500
2022,경기도,수원시 팔달구,화서1동,0.84,9890,21873
2022,경기도,수원시 팔달구,화서2동,2.1,9507,25033
2022,경기도,수원시 팔달구,지동,0.79,5410,10092
2022,경기도,수원시 팔달구,우만1동,1.14,10773,19522
2022,경기도,수원시 팔달구,우만2동,0.97,7805,16978
2022,경기도,수원시 팔달구,인계동,2.91,22009,39067
2022,경기도,수원시 영통구,,27.71,152636,360384
2022,경기도,수원시 영통구,매탄1동,1.23,6049,13482
2022,경기도,수원시 영통구,매탄2동,0.79,6499,14354
2022,경기도,수원시 영통구,매탄3동,2.34,15955,35329
2022,경기도,수원시 영통구,매탄4동,0.78,9547,20937
2022,경기도,수원시 영통구,원천동,3.2,19344,40422
2022,경기도,수원시 영통구,광교1동,7.98,22215,52841
2022,경기도,수원시 영통구,광교2동,4.18,11629,29113
2022,경기도,수원시 영통구,영통1동,1.69,12567,33894
2022,경기도,수원시 영통구,영통2동,1.36,13464,26046
2022,경기도,수원시 영통구,영통3동,1.72,13720,32174
2022,경기도,수원시 영통구,망포1동,1.0,11452,31920
2022,경기도,수원시 영통구,망포2동,1.44,10195,29872
2022,경기도,용인시,,591.22,432151,1074971
2022,경기도,용인시 처인구,,467.48,115654,259288
2022,경기도,용인시 처인구,포곡읍,41.75,14680,33508
2022,경기도,용인시 처인구,모현읍,50.25,12333,26726
2022,경기도,용인시 처인구,이동읍,75.66,9209,20536
2022,경기도,용인시 처인구,남사읍,58.67,9844,23713
2022,경기도,용인시 처인구,원삼면,60.14,3970,8022
2022,경기도,용인시 처인구,백암면,65.73,4500,8296
2022,경기도,용인시 처인구,양지면,57.68,9377,19723
2022,경기도,용인시 처인구,중앙동,7.98,12411,25046
2022,경기도,용인시 처인구,역북동,6.05,14021,31899
2022,경기도,용인시 처인구,삼가동,6.42,4854,12527
2022,경기도,용인시 처인구,유림동,13.62,14402,36134
2022,경기도,용인시 처인구,동부동,23.53,6053,13158
